
> cepre-app@1.0.0 android
> expo start --android

Starting project at D:\Desarrollo\Cepreuna\cepre-app
React Compiler enabled
Starting Metro Bundler
› Opening exp://192.168.0.10:8081 on Pixel_9_Pro
Waiting on http://localhost:8081
Logs for your project will appear below.
Android node_modules\expo-router\entry.js ░░░░░░░░░░░░░░░░  0.0% (0/1)
Android node_modules\expo-router\entry.js ▓▓▓▓▓▓▓▓░░░░░░░░ 52.0% ( 676/2643)
Android node_modules\expo-router\entry.js ▓▓▓▓▓▓▓▓░░░░░░░░ 52.0% ( 742/2690)
Android node_modules\expo-router\entry.js ▓▓▓▓▓▓▓▓░░░░░░░░ 52.0% ( 844/2747)
Android node_modules\expo-router\entry.js ▓▓▓▓▓▓▓▓░░░░░░░░ 52.0% ( 953/2833)
Android node_modules\expo-router\entry.js ▓▓▓▓▓▓▓▓░░░░░░░░ 52.0% (1515/2838)
Android node_modules\expo-router\entry.js ▓▓▓▓▓▓▓▓▓▓▓░░░░░ 72.5% (2417/2838)
Android node_modules\expo-router\entry.js ▓▓▓▓▓▓▓▓▓▓▓▓▓▓░░ 91.8% (2799/2922)
Android node_modules\expo-router\entry.js ▓▓▓▓▓▓▓▓▓▓▓▓▓▓▓░ 96.9% (2994/3059)
Android Bundled 31443ms node_modules\expo-router\entry.js (3255 modules)
Android node_modules\expo-router\entry.js ░░░░░░░░░░░░░░░░  0.0% (0/1)
Android Bundled 1685ms node_modules\expo-router\entry.js (3244 modules)
 WARN  SafeAreaView has been deprecated and will be removed in a future release. Please use 'react-native-safe-area-context' instead. See https://github.com/th3rdwave/react-native-safe-area-context
Android node_modules\expo-router\entry.js ░░░░░░░░░░░░░░░░  0.0% (0/1)
Android Bundled 106ms node_modules\expo-router\entry.js (1 module)
 WARN  SafeAreaView has been deprecated and will be removed in a future release. Please use 'react-native-safe-area-context' instead. See https://github.com/th3rdwave/react-native-safe-area-context
 ERROR  [Error: Uncaught (in promise, id: 0) Error: Sesión no válida o expirada.] 

Call Stack
  client.interceptors.response.use$argument_1 (services\api.ts)
  tryCallOne (address at (InternalBytecode.js:1:1180)
  anonymous (address at (InternalBytecode.js:1:1874)
  Axios$1#request (node_modules\axios\dist\esm\axios.js)
  throw (<native>)
  asyncGeneratorStep (node_modules\@babel\runtime\helpers\asyncToGenerator.js)
  _throw (node_modules\@babel\runtime\helpers\asyncToGenerator.js)
  tryCallOne (address at (InternalBytecode.js:1:1180)
  anonymous (address at (InternalBytecode.js:1:1874)
 ERROR  [Error: Uncaught (in promise, id: 1) Error: Sesión no válida o expirada.] 

Call Stack
  client.interceptors.response.use$argument_1 (services\api.ts)
  tryCallOne (address at (InternalBytecode.js:1:1180)
  anonymous (address at (InternalBytecode.js:1:1874)
  Axios$1#request (node_modules\axios\dist\esm\axios.js)
  throw (<native>)
  asyncGeneratorStep (node_modules\@babel\runtime\helpers\asyncToGenerator.js)
  _throw (node_modules\@babel\runtime\helpers\asyncToGenerator.js)
  tryCallOne (address at (InternalBytecode.js:1:1180)
  anonymous (address at (InternalBytecode.js:1:1874)
 ERROR  [Error: Uncaught (in promise, id: 2) Error: Sesión no válida o expirada.] 

Call Stack
  client.interceptors.response.use$argument_1 (services\api.ts)
  tryCallOne (address at (InternalBytecode.js:1:1180)
  anonymous (address at (InternalBytecode.js:1:1874)
  Axios$1#request (node_modules\axios\dist\esm\axios.js)
  throw (<native>)
  asyncGeneratorStep (node_modules\@babel\runtime\helpers\asyncToGenerator.js)
  _throw (node_modules\@babel\runtime\helpers\asyncToGenerator.js)
  tryCallOne (address at (InternalBytecode.js:1:1180)
  anonymous (address at (InternalBytecode.js:1:1874)
 ERROR  [Error: Uncaught (in promise, id: 3) Error: Sesión no válida o expirada.] 

Call Stack
  client.interceptors.response.use$argument_1 (services\api.ts)
  tryCallOne (address at (InternalBytecode.js:1:1180)
  anonymous (address at (InternalBytecode.js:1:1874)
  Axios$1#request (node_modules\axios\dist\esm\axios.js)
  throw (<native>)
  asyncGeneratorStep (node_modules\@babel\runtime\helpers\asyncToGenerator.js)
  _throw (node_modules\@babel\runtime\helpers\asyncToGenerator.js)
  tryCallOne (address at (InternalBytecode.js:1:1180)
  anonymous (address at (InternalBytecode.js:1:1874)
 ERROR  [Error: Uncaught (in promise, id: 4) Error: Sesión no válida o expirada.] 

Call Stack
  client.interceptors.response.use$argument_1 (services\api.ts)
  tryCallOne (address at (InternalBytecode.js:1:1180)
  anonymous (address at (InternalBytecode.js:1:1874)
  Axios$1#request (node_modules\axios\dist\esm\axios.js)
  throw (<native>)
  asyncGeneratorStep (node_modules\@babel\runtime\helpers\asyncToGenerator.js)
  _throw (node_modules\@babel\runtime\helpers\asyncToGenerator.js)
  tryCallOne (address at (InternalBytecode.js:1:1180)
  anonymous (address at (InternalBytecode.js:1:1874)
 ERROR  [Error: Uncaught (in promise, id: 5) Error: Sesión no válida o expirada.] 

Call Stack
  client.interceptors.response.use$argument_1 (services\api.ts)
  tryCallOne (address at (InternalBytecode.js:1:1180)
  anonymous (address at (InternalBytecode.js:1:1874)
  Axios$1#request (node_modules\axios\dist\esm\axios.js)
  throw (<native>)
  asyncGeneratorStep (node_modules\@babel\runtime\helpers\asyncToGenerator.js)
  _throw (node_modules\@babel\runtime\helpers\asyncToGenerator.js)
  tryCallOne (address at (InternalBytecode.js:1:1180)
  anonymous (address at (InternalBytecode.js:1:1874)
 ERROR  [Error: Uncaught (in promise, id: 6) Error: Sesión no válida o expirada.] 

Call Stack
  client.interceptors.response.use$argument_1 (services\api.ts)
  tryCallOne (address at (InternalBytecode.js:1:1180)
  anonymous (address at (InternalBytecode.js:1:1874)
  Axios$1#request (node_modules\axios\dist\esm\axios.js)
  throw (<native>)
  asyncGeneratorStep (node_modules\@babel\runtime\helpers\asyncToGenerator.js)
  _throw (node_modules\@babel\runtime\helpers\asyncToGenerator.js)
  tryCallOne (address at (InternalBytecode.js:1:1180)
  anonymous (address at (InternalBytecode.js:1:1874)
 ERROR  [Error: Uncaught (in promise, id: 7) Error: Sesión no válida o expirada.] 

Call Stack
  client.interceptors.response.use$argument_1 (services\api.ts)
  tryCallOne (address at (InternalBytecode.js:1:1180)
  anonymous (address at (InternalBytecode.js:1:1874)
  Axios$1#request (node_modules\axios\dist\esm\axios.js)
  throw (<native>)
  asyncGeneratorStep (node_modules\@babel\runtime\helpers\asyncToGenerator.js)
  _throw (node_modules\@babel\runtime\helpers\asyncToGenerator.js)
  tryCallOne (address at (InternalBytecode.js:1:1180)
  anonymous (address at (InternalBytecode.js:1:1874)
 ERROR  [Error: Uncaught (in promise, id: 8) Error: Sesión no válida o expirada.] 

Call Stack
  client.interceptors.response.use$argument_1 (services\api.ts)
  tryCallOne (address at (InternalBytecode.js:1:1180)
  anonymous (address at (InternalBytecode.js:1:1874)
  Axios$1#request (node_modules\axios\dist\esm\axios.js)
  throw (<native>)
  asyncGeneratorStep (node_modules\@babel\runtime\helpers\asyncToGenerator.js)
  _throw (node_modules\@babel\runtime\helpers\asyncToGenerator.js)
  tryCallOne (address at (InternalBytecode.js:1:1180)
  anonymous (address at (InternalBytecode.js:1:1874)
 ERROR  [Error: Uncaught (in promise, id: 9) Error: Sesión no válida o expirada.] 

Call Stack
  client.interceptors.response.use$argument_1 (services\api.ts)
  tryCallOne (address at (InternalBytecode.js:1:1180)
  anonymous (address at (InternalBytecode.js:1:1874)
  Axios$1#request (node_modules\axios\dist\esm\axios.js)
  throw (<native>)
  asyncGeneratorStep (node_modules\@babel\runtime\helpers\asyncToGenerator.js)
  _throw (node_modules\@babel\runtime\helpers\asyncToGenerator.js)
  tryCallOne (address at (InternalBytecode.js:1:1180)
  anonymous (address at (InternalBytecode.js:1:1874)
 ERROR  [Error: Uncaught (in promise, id: 10) Error: Sesión no válida o expirada.] 

Call Stack
  client.interceptors.response.use$argument_1 (services\api.ts)
  tryCallOne (address at (InternalBytecode.js:1:1180)
  anonymous (address at (InternalBytecode.js:1:1874)
  Axios$1#request (node_modules\axios\dist\esm\axios.js)
  throw (<native>)
  asyncGeneratorStep (node_modules\@babel\runtime\helpers\asyncToGenerator.js)
  _throw (node_modules\@babel\runtime\helpers\asyncToGenerator.js)
  tryCallOne (address at (InternalBytecode.js:1:1180)
  anonymous (address at (InternalBytecode.js:1:1874)
 ERROR  [Error: Uncaught (in promise, id: 11) Error: Sesión no válida o expirada.] 

Call Stack
  client.interceptors.response.use$argument_1 (services\api.ts)
  tryCallOne (address at (InternalBytecode.js:1:1180)
  anonymous (address at (InternalBytecode.js:1:1874)
  Axios$1#request (node_modules\axios\dist\esm\axios.js)
  throw (<native>)
  asyncGeneratorStep (node_modules\@babel\runtime\helpers\asyncToGenerator.js)
  _throw (node_modules\@babel\runtime\helpers\asyncToGenerator.js)
  tryCallOne (address at (InternalBytecode.js:1:1180)
  anonymous (address at (InternalBytecode.js:1:1874)
 ERROR  [Error: Uncaught (in promise, id: 12) Error: Sesión no válida o expirada.] 

Call Stack
  client.interceptors.response.use$argument_1 (services\api.ts)
  tryCallOne (address at (InternalBytecode.js:1:1180)
  anonymous (address at (InternalBytecode.js:1:1874)
  Axios$1#request (node_modules\axios\dist\esm\axios.js)
  throw (<native>)
  asyncGeneratorStep (node_modules\@babel\runtime\helpers\asyncToGenerator.js)
  _throw (node_modules\@babel\runtime\helpers\asyncToGenerator.js)
  tryCallOne (address at (InternalBytecode.js:1:1180)
  anonymous (address at (InternalBytecode.js:1:1874)
 ERROR  [Error: Uncaught (in promise, id: 13) Error: Sesión no válida o expirada.] 

Call Stack
  client.interceptors.response.use$argument_1 (services\api.ts)
  tryCallOne (address at (InternalBytecode.js:1:1180)
  anonymous (address at (InternalBytecode.js:1:1874)
  Axios$1#request (node_modules\axios\dist\esm\axios.js)
  throw (<native>)
  asyncGeneratorStep (node_modules\@babel\runtime\helpers\asyncToGenerator.js)
  _throw (node_modules\@babel\runtime\helpers\asyncToGenerator.js)
  tryCallOne (address at (InternalBytecode.js:1:1180)
  anonymous (address at (InternalBytecode.js:1:1874)
 ERROR  [Error: Uncaught (in promise, id: 14) Error: Sesión no válida o expirada.] 

Call Stack
  client.interceptors.response.use$argument_1 (services\api.ts)
  tryCallOne (address at (InternalBytecode.js:1:1180)
  anonymous (address at (InternalBytecode.js:1:1874)
  Axios$1#request (node_modules\axios\dist\esm\axios.js)
  throw (<native>)
  asyncGeneratorStep (node_modules\@babel\runtime\helpers\asyncToGenerator.js)
  _throw (node_modules\@babel\runtime\helpers\asyncToGenerator.js)
  tryCallOne (address at (InternalBytecode.js:1:1180)
  anonymous (address at (InternalBytecode.js:1:1874)
 ERROR  [Error: Uncaught (in promise, id: 15) Error: Sesión no válida o expirada.] 

Call Stack
  client.interceptors.response.use$argument_1 (services\api.ts)
  tryCallOne (address at (InternalBytecode.js:1:1180)
  anonymous (address at (InternalBytecode.js:1:1874)
  Axios$1#request (node_modules\axios\dist\esm\axios.js)
  throw (<native>)
  asyncGeneratorStep (node_modules\@babel\runtime\helpers\asyncToGenerator.js)
  _throw (node_modules\@babel\runtime\helpers\asyncToGenerator.js)
  tryCallOne (address at (InternalBytecode.js:1:1180)
  anonymous (address at (InternalBytecode.js:1:1874)
 ERROR  [Error: Uncaught (in promise, id: 16) Error: Sesión no válida o expirada.] 

Call Stack
  client.interceptors.response.use$argument_1 (services\api.ts)
  tryCallOne (address at (InternalBytecode.js:1:1180)
  anonymous (address at (InternalBytecode.js:1:1874)
  Axios$1#request (node_modules\axios\dist\esm\axios.js)
  throw (<native>)
  asyncGeneratorStep (node_modules\@babel\runtime\helpers\asyncToGenerator.js)
  _throw (node_modules\@babel\runtime\helpers\asyncToGenerator.js)
  tryCallOne (address at (InternalBytecode.js:1:1180)
  anonymous (address at (InternalBytecode.js:1:1874)
 ERROR  [Error: Uncaught (in promise, id: 17) Error: Sesión no válida o expirada.] 

Call Stack
  client.interceptors.response.use$argument_1 (services\api.ts)
  tryCallOne (address at (InternalBytecode.js:1:1180)
  anonymous (address at (InternalBytecode.js:1:1874)
  Axios$1#request (node_modules\axios\dist\esm\axios.js)
  throw (<native>)
  asyncGeneratorStep (node_modules\@babel\runtime\helpers\asyncToGenerator.js)
  _throw (node_modules\@babel\runtime\helpers\asyncToGenerator.js)
  tryCallOne (address at (InternalBytecode.js:1:1180)
  anonymous (address at (InternalBytecode.js:1:1874)
 ERROR  [Error: Uncaught (in promise, id: 18) Error: Sesión no válida o expirada.] 

Call Stack
  client.interceptors.response.use$argument_1 (services\api.ts)
  tryCallOne (address at (InternalBytecode.js:1:1180)
  anonymous (address at (InternalBytecode.js:1:1874)
  Axios$1#request (node_modules\axios\dist\esm\axios.js)
  throw (<native>)
  asyncGeneratorStep (node_modules\@babel\runtime\helpers\asyncToGenerator.js)
  _throw (node_modules\@babel\runtime\helpers\asyncToGenerator.js)
  tryCallOne (address at (InternalBytecode.js:1:1180)
  anonymous (address at (InternalBytecode.js:1:1874)
 ERROR  [Error: Uncaught (in promise, id: 19) Error: Sesión no válida o expirada.] 

Call Stack
  client.interceptors.response.use$argument_1 (services\api.ts)
  tryCallOne (address at (InternalBytecode.js:1:1180)
  anonymous (address at (InternalBytecode.js:1:1874)
  Axios$1#request (node_modules\axios\dist\esm\axios.js)
  throw (<native>)
  asyncGeneratorStep (node_modules\@babel\runtime\helpers\asyncToGenerator.js)
  _throw (node_modules\@babel\runtime\helpers\asyncToGenerator.js)
  tryCallOne (address at (InternalBytecode.js:1:1180)
  anonymous (address at (InternalBytecode.js:1:1874)
 ERROR  [Error: Uncaught (in promise, id: 20) Error: Sesión no válida o expirada.] 

Call Stack
  client.interceptors.response.use$argument_1 (services\api.ts)
  tryCallOne (address at (InternalBytecode.js:1:1180)
  anonymous (address at (InternalBytecode.js:1:1874)
  Axios$1#request (node_modules\axios\dist\esm\axios.js)
  throw (<native>)
  asyncGeneratorStep (node_modules\@babel\runtime\helpers\asyncToGenerator.js)
  _throw (node_modules\@babel\runtime\helpers\asyncToGenerator.js)
  tryCallOne (address at (InternalBytecode.js:1:1180)
  anonymous (address at (InternalBytecode.js:1:1874)
 ERROR  [Error: Uncaught (in promise, id: 21) Error: Sesión no válida o expirada.] 

Call Stack
  client.interceptors.response.use$argument_1 (services\api.ts)
  tryCallOne (address at (InternalBytecode.js:1:1180)
  anonymous (address at (InternalBytecode.js:1:1874)
  Axios$1#request (node_modules\axios\dist\esm\axios.js)
  throw (<native>)
  asyncGeneratorStep (node_modules\@babel\runtime\helpers\asyncToGenerator.js)
  _throw (node_modules\@babel\runtime\helpers\asyncToGenerator.js)
  tryCallOne (address at (InternalBytecode.js:1:1180)
  anonymous (address at (InternalBytecode.js:1:1874)
 ERROR  [Error: Uncaught (in promise, id: 22) Error: Sesión no válida o expirada.] 

Call Stack
  client.interceptors.response.use$argument_1 (services\api.ts)
  tryCallOne (address at (InternalBytecode.js:1:1180)
  anonymous (address at (InternalBytecode.js:1:1874)
  Axios$1#request (node_modules\axios\dist\esm\axios.js)
  throw (<native>)
  asyncGeneratorStep (node_modules\@babel\runtime\helpers\asyncToGenerator.js)
  _throw (node_modules\@babel\runtime\helpers\asyncToGenerator.js)
  tryCallOne (address at (InternalBytecode.js:1:1180)
  anonymous (address at (InternalBytecode.js:1:1874)
 ERROR  [Error: Uncaught (in promise, id: 23) Error: Sesión no válida o expirada.] 

Call Stack
  client.interceptors.response.use$argument_1 (services\api.ts)
  tryCallOne (address at (InternalBytecode.js:1:1180)
  anonymous (address at (InternalBytecode.js:1:1874)
  Axios$1#request (node_modules\axios\dist\esm\axios.js)
  throw (<native>)
  asyncGeneratorStep (node_modules\@babel\runtime\helpers\asyncToGenerator.js)
  _throw (node_modules\@babel\runtime\helpers\asyncToGenerator.js)
  tryCallOne (address at (InternalBytecode.js:1:1180)
  anonymous (address at (InternalBytecode.js:1:1874)
 ERROR  [Error: Uncaught (in promise, id: 24) Error: Sesión no válida o expirada.] 

Call Stack
  client.interceptors.response.use$argument_1 (services\api.ts)
  tryCallOne (address at (InternalBytecode.js:1:1180)
  anonymous (address at (InternalBytecode.js:1:1874)
  Axios$1#request (node_modules\axios\dist\esm\axios.js)
  throw (<native>)
  asyncGeneratorStep (node_modules\@babel\runtime\helpers\asyncToGenerator.js)
  _throw (node_modules\@babel\runtime\helpers\asyncToGenerator.js)
  tryCallOne (address at (InternalBytecode.js:1:1180)
  anonymous (address at (InternalBytecode.js:1:1874)
 ERROR  [Error: Uncaught (in promise, id: 25) Error: Sesión no válida o expirada.] 

Call Stack
  client.interceptors.response.use$argument_1 (services\api.ts)
  tryCallOne (address at (InternalBytecode.js:1:1180)
  anonymous (address at (InternalBytecode.js:1:1874)
  Axios$1#request (node_modules\axios\dist\esm\axios.js)
  throw (<native>)
  asyncGeneratorStep (node_modules\@babel\runtime\helpers\asyncToGenerator.js)
  _throw (node_modules\@babel\runtime\helpers\asyncToGenerator.js)
  tryCallOne (address at (InternalBytecode.js:1:1180)
  anonymous (address at (InternalBytecode.js:1:1874)
 ERROR  [Error: Uncaught (in promise, id: 26) Error: Sesión no válida o expirada.] 

Call Stack
  client.interceptors.response.use$argument_1 (services\api.ts)
  tryCallOne (address at (InternalBytecode.js:1:1180)
  anonymous (address at (InternalBytecode.js:1:1874)
  Axios$1#request (node_modules\axios\dist\esm\axios.js)
  throw (<native>)
  asyncGeneratorStep (node_modules\@babel\runtime\helpers\asyncToGenerator.js)
  _throw (node_modules\@babel\runtime\helpers\asyncToGenerator.js)
  tryCallOne (address at (InternalBytecode.js:1:1180)
  anonymous (address at (InternalBytecode.js:1:1874)
 ERROR  [Error: Uncaught (in promise, id: 27) Error: Sesión no válida o expirada.] 

Call Stack
  client.interceptors.response.use$argument_1 (services\api.ts)
  tryCallOne (address at (InternalBytecode.js:1:1180)
  anonymous (address at (InternalBytecode.js:1:1874)
  Axios$1#request (node_modules\axios\dist\esm\axios.js)
  throw (<native>)
  asyncGeneratorStep (node_modules\@babel\runtime\helpers\asyncToGenerator.js)
  _throw (node_modules\@babel\runtime\helpers\asyncToGenerator.js)
  tryCallOne (address at (InternalBytecode.js:1:1180)
  anonymous (address at (InternalBytecode.js:1:1874)
 ERROR  [Error: Uncaught (in promise, id: 28) Error: Sesión no válida o expirada.] 

Call Stack
  client.interceptors.response.use$argument_1 (services\api.ts)
  tryCallOne (address at (InternalBytecode.js:1:1180)
  anonymous (address at (InternalBytecode.js:1:1874)
  Axios$1#request (node_modules\axios\dist\esm\axios.js)
  throw (<native>)
  asyncGeneratorStep (node_modules\@babel\runtime\helpers\asyncToGenerator.js)
  _throw (node_modules\@babel\runtime\helpers\asyncToGenerator.js)
  tryCallOne (address at (InternalBytecode.js:1:1180)
  anonymous (address at (InternalBytecode.js:1:1874)
 ERROR  [Error: Uncaught (in promise, id: 29) Error: Sesión no válida o expirada.] 

Call Stack
  client.interceptors.response.use$argument_1 (services\api.ts)
  tryCallOne (address at (InternalBytecode.js:1:1180)
  anonymous (address at (InternalBytecode.js:1:1874)
  Axios$1#request (node_modules\axios\dist\esm\axios.js)
  throw (<native>)
  asyncGeneratorStep (node_modules\@babel\runtime\helpers\asyncToGenerator.js)
  _throw (node_modules\@babel\runtime\helpers\asyncToGenerator.js)
  tryCallOne (address at (InternalBytecode.js:1:1180)
  anonymous (address at (InternalBytecode.js:1:1874)
 ERROR  [Error: Uncaught (in promise, id: 30) Error: Sesión no válida o expirada.] 

Call Stack
  client.interceptors.response.use$argument_1 (services\api.ts)
  tryCallOne (address at (InternalBytecode.js:1:1180)
  anonymous (address at (InternalBytecode.js:1:1874)
  Axios$1#request (node_modules\axios\dist\esm\axios.js)
  throw (<native>)
  asyncGeneratorStep (node_modules\@babel\runtime\helpers\asyncToGenerator.js)
  _throw (node_modules\@babel\runtime\helpers\asyncToGenerator.js)
  tryCallOne (address at (InternalBytecode.js:1:1180)
  anonymous (address at (InternalBytecode.js:1:1874)
 ERROR  [Error: Uncaught (in promise, id: 31) Error: Sesión no válida o expirada.] 

Call Stack
  client.interceptors.response.use$argument_1 (services\api.ts)
  tryCallOne (address at (InternalBytecode.js:1:1180)
  anonymous (address at (InternalBytecode.js:1:1874)
  Axios$1#request (node_modules\axios\dist\esm\axios.js)
  throw (<native>)
  asyncGeneratorStep (node_modules\@babel\runtime\helpers\asyncToGenerator.js)
  _throw (node_modules\@babel\runtime\helpers\asyncToGenerator.js)
  tryCallOne (address at (InternalBytecode.js:1:1180)
  anonymous (address at (InternalBytecode.js:1:1874)
 ERROR  [Error: Uncaught (in promise, id: 32) Error: Sesión no válida o expirada.] 

Call Stack
  client.interceptors.response.use$argument_1 (services\api.ts)
  tryCallOne (address at (InternalBytecode.js:1:1180)
  anonymous (address at (InternalBytecode.js:1:1874)
  Axios$1#request (node_modules\axios\dist\esm\axios.js)
  throw (<native>)
  asyncGeneratorStep (node_modules\@babel\runtime\helpers\asyncToGenerator.js)
  _throw (node_modules\@babel\runtime\helpers\asyncToGenerator.js)
  tryCallOne (address at (InternalBytecode.js:1:1180)
  anonymous (address at (InternalBytecode.js:1:1874)
 ERROR  [Error: Uncaught (in promise, id: 33) Error: Sesión no válida o expirada.] 

Call Stack
  client.interceptors.response.use$argument_1 (services\api.ts)
  tryCallOne (address at (InternalBytecode.js:1:1180)
  anonymous (address at (InternalBytecode.js:1:1874)
  Axios$1#request (node_modules\axios\dist\esm\axios.js)
  throw (<native>)
  asyncGeneratorStep (node_modules\@babel\runtime\helpers\asyncToGenerator.js)
  _throw (node_modules\@babel\runtime\helpers\asyncToGenerator.js)
  tryCallOne (address at (InternalBytecode.js:1:1180)
  anonymous (address at (InternalBytecode.js:1:1874)
 ERROR  [Error: Uncaught (in promise, id: 34) Error: Sesión no válida o expirada.] 

Call Stack
  client.interceptors.response.use$argument_1 (services\api.ts)
  tryCallOne (address at (InternalBytecode.js:1:1180)
  anonymous (address at (InternalBytecode.js:1:1874)
  Axios$1#request (node_modules\axios\dist\esm\axios.js)
  throw (<native>)
  asyncGeneratorStep (node_modules\@babel\runtime\helpers\asyncToGenerator.js)
  _throw (node_modules\@babel\runtime\helpers\asyncToGenerator.js)
  tryCallOne (address at (InternalBytecode.js:1:1180)
  anonymous (address at (InternalBytecode.js:1:1874)
 ERROR  [Error: Uncaught (in promise, id: 35) Error: Sesión no válida o expirada.] 

Call Stack
  client.interceptors.response.use$argument_1 (services\api.ts)
  tryCallOne (address at (InternalBytecode.js:1:1180)
  anonymous (address at (InternalBytecode.js:1:1874)
  Axios$1#request (node_modules\axios\dist\esm\axios.js)
  throw (<native>)
  asyncGeneratorStep (node_modules\@babel\runtime\helpers\asyncToGenerator.js)
  _throw (node_modules\@babel\runtime\helpers\asyncToGenerator.js)
  tryCallOne (address at (InternalBytecode.js:1:1180)
  anonymous (address at (InternalBytecode.js:1:1874)
 ERROR  [Error: Uncaught (in promise, id: 36) Error: Sesión no válida o expirada.] 

Call Stack
  client.interceptors.response.use$argument_1 (services\api.ts)
  tryCallOne (address at (InternalBytecode.js:1:1180)
  anonymous (address at (InternalBytecode.js:1:1874)
  Axios$1#request (node_modules\axios\dist\esm\axios.js)
  throw (<native>)
  asyncGeneratorStep (node_modules\@babel\runtime\helpers\asyncToGenerator.js)
  _throw (node_modules\@babel\runtime\helpers\asyncToGenerator.js)
  tryCallOne (address at (InternalBytecode.js:1:1180)
  anonymous (address at (InternalBytecode.js:1:1874)
 ERROR  [Error: Uncaught (in promise, id: 37) Error: Sesión no válida o expirada.] 

Call Stack
  client.interceptors.response.use$argument_1 (services\api.ts)
  tryCallOne (address at (InternalBytecode.js:1:1180)
  anonymous (address at (InternalBytecode.js:1:1874)
  Axios$1#request (node_modules\axios\dist\esm\axios.js)
  throw (<native>)
  asyncGeneratorStep (node_modules\@babel\runtime\helpers\asyncToGenerator.js)
  _throw (node_modules\@babel\runtime\helpers\asyncToGenerator.js)
  tryCallOne (address at (InternalBytecode.js:1:1180)
  anonymous (address at (InternalBytecode.js:1:1874)
 ERROR  [Error: Uncaught (in promise, id: 38) Error: Sesión no válida o expirada.] 

Call Stack
  client.interceptors.response.use$argument_1 (services\api.ts)
  tryCallOne (address at (InternalBytecode.js:1:1180)
  anonymous (address at (InternalBytecode.js:1:1874)
  Axios$1#request (node_modules\axios\dist\esm\axios.js)
  throw (<native>)
  asyncGeneratorStep (node_modules\@babel\runtime\helpers\asyncToGenerator.js)
  _throw (node_modules\@babel\runtime\helpers\asyncToGenerator.js)
  tryCallOne (address at (InternalBytecode.js:1:1180)
  anonymous (address at (InternalBytecode.js:1:1874)
 ERROR  [Error: Uncaught (in promise, id: 39) Error: Sesión no válida o expirada.] 

Call Stack
  client.interceptors.response.use$argument_1 (services\api.ts)
  tryCallOne (address at (InternalBytecode.js:1:1180)
  anonymous (address at (InternalBytecode.js:1:1874)
  Axios$1#request (node_modules\axios\dist\esm\axios.js)
  throw (<native>)
  asyncGeneratorStep (node_modules\@babel\runtime\helpers\asyncToGenerator.js)
  _throw (node_modules\@babel\runtime\helpers\asyncToGenerator.js)
  tryCallOne (address at (InternalBytecode.js:1:1180)
  anonymous (address at (InternalBytecode.js:1:1874)
 ERROR  [Error: Uncaught (in promise, id: 40) Error: Sesión no válida o expirada.] 

Call Stack
  client.interceptors.response.use$argument_1 (services\api.ts)
  tryCallOne (address at (InternalBytecode.js:1:1180)
  anonymous (address at (InternalBytecode.js:1:1874)
  Axios$1#request (node_modules\axios\dist\esm\axios.js)
  throw (<native>)
  asyncGeneratorStep (node_modules\@babel\runtime\helpers\asyncToGenerator.js)
  _throw (node_modules\@babel\runtime\helpers\asyncToGenerator.js)
  tryCallOne (address at (InternalBytecode.js:1:1180)
  anonymous (address at (InternalBytecode.js:1:1874)
 ERROR  [Error: Uncaught (in promise, id: 41) Error: Sesión no válida o expirada.] 

Call Stack
  client.interceptors.response.use$argument_1 (services\api.ts)
  tryCallOne (address at (InternalBytecode.js:1:1180)
  anonymous (address at (InternalBytecode.js:1:1874)
  Axios$1#request (node_modules\axios\dist\esm\axios.js)
  throw (<native>)
  asyncGeneratorStep (node_modules\@babel\runtime\helpers\asyncToGenerator.js)
  _throw (node_modules\@babel\runtime\helpers\asyncToGenerator.js)
  tryCallOne (address at (InternalBytecode.js:1:1180)
  anonymous (address at (InternalBytecode.js:1:1874)
 ERROR  [Error: Uncaught (in promise, id: 42) Error: Sesión no válida o expirada.] 

Call Stack
  client.interceptors.response.use$argument_1 (services\api.ts)
  tryCallOne (address at (InternalBytecode.js:1:1180)
  anonymous (address at (InternalBytecode.js:1:1874)
  Axios$1#request (node_modules\axios\dist\esm\axios.js)
  throw (<native>)
  asyncGeneratorStep (node_modules\@babel\runtime\helpers\asyncToGenerator.js)
  _throw (node_modules\@babel\runtime\helpers\asyncToGenerator.js)
  tryCallOne (address at (InternalBytecode.js:1:1180)
  anonymous (address at (InternalBytecode.js:1:1874)
 ERROR  [Error: Uncaught (in promise, id: 43) Error: Sesión no válida o expirada.] 

Call Stack
  client.interceptors.response.use$argument_1 (services\api.ts)
  tryCallOne (address at (InternalBytecode.js:1:1180)
  anonymous (address at (InternalBytecode.js:1:1874)
  Axios$1#request (node_modules\axios\dist\esm\axios.js)
  throw (<native>)
  asyncGeneratorStep (node_modules\@babel\runtime\helpers\asyncToGenerator.js)
  _throw (node_modules\@babel\runtime\helpers\asyncToGenerator.js)
  tryCallOne (address at (InternalBytecode.js:1:1180)
  anonymous (address at (InternalBytecode.js:1:1874)
 ERROR  [Error: Uncaught (in promise, id: 44) Error: Sesión no válida o expirada.] 

Call Stack
  client.interceptors.response.use$argument_1 (services\api.ts)
  tryCallOne (address at (InternalBytecode.js:1:1180)
  anonymous (address at (InternalBytecode.js:1:1874)
  Axios$1#request (node_modules\axios\dist\esm\axios.js)
  throw (<native>)
  asyncGeneratorStep (node_modules\@babel\runtime\helpers\asyncToGenerator.js)
  _throw (node_modules\@babel\runtime\helpers\asyncToGenerator.js)
  tryCallOne (address at (InternalBytecode.js:1:1180)
  anonymous (address at (InternalBytecode.js:1:1874)
 ERROR  [Error: Uncaught (in promise, id: 45) Error: Sesión no válida o expirada.] 

Call Stack
  client.interceptors.response.use$argument_1 (services\api.ts)
  tryCallOne (address at (InternalBytecode.js:1:1180)
  anonymous (address at (InternalBytecode.js:1:1874)
  Axios$1#request (node_modules\axios\dist\esm\axios.js)
  throw (<native>)
  asyncGeneratorStep (node_modules\@babel\runtime\helpers\asyncToGenerator.js)
  _throw (node_modules\@babel\runtime\helpers\asyncToGenerator.js)
  tryCallOne (address at (InternalBytecode.js:1:1180)
  anonymous (address at (InternalBytecode.js:1:1874)
 ERROR  [Error: Uncaught (in promise, id: 46) Error: Sesión no válida o expirada.] 

Call Stack
  client.interceptors.response.use$argument_1 (services\api.ts)
  tryCallOne (address at (InternalBytecode.js:1:1180)
  anonymous (address at (InternalBytecode.js:1:1874)
  Axios$1#request (node_modules\axios\dist\esm\axios.js)
  throw (<native>)
  asyncGeneratorStep (node_modules\@babel\runtime\helpers\asyncToGenerator.js)
  _throw (node_modules\@babel\runtime\helpers\asyncToGenerator.js)
  tryCallOne (address at (InternalBytecode.js:1:1180)
  anonymous (address at (InternalBytecode.js:1:1874)
 ERROR  [Error: Uncaught (in promise, id: 47) Error: Sesión no válida o expirada.] 

Call Stack
  client.interceptors.response.use$argument_1 (services\api.ts)
  tryCallOne (address at (InternalBytecode.js:1:1180)
  anonymous (address at (InternalBytecode.js:1:1874)
  Axios$1#request (node_modules\axios\dist\esm\axios.js)
  throw (<native>)
  asyncGeneratorStep (node_modules\@babel\runtime\helpers\asyncToGenerator.js)
  _throw (node_modules\@babel\runtime\helpers\asyncToGenerator.js)
  tryCallOne (address at (InternalBytecode.js:1:1180)
  anonymous (address at (InternalBytecode.js:1:1874)
 ERROR  [Error: Uncaught (in promise, id: 48) Error: Sesión no válida o expirada.] 

Call Stack
  client.interceptors.response.use$argument_1 (services\api.ts)
  tryCallOne (address at (InternalBytecode.js:1:1180)
  anonymous (address at (InternalBytecode.js:1:1874)
  Axios$1#request (node_modules\axios\dist\esm\axios.js)
  throw (<native>)
  asyncGeneratorStep (node_modules\@babel\runtime\helpers\asyncToGenerator.js)
  _throw (node_modules\@babel\runtime\helpers\asyncToGenerator.js)
  tryCallOne (address at (InternalBytecode.js:1:1180)
  anonymous (address at (InternalBytecode.js:1:1874)
 ERROR  [Error: Uncaught (in promise, id: 49) Error: Sesión no válida o expirada.] 

Call Stack
  client.interceptors.response.use$argument_1 (services\api.ts)
  tryCallOne (address at (InternalBytecode.js:1:1180)
  anonymous (address at (InternalBytecode.js:1:1874)
  Axios$1#request (node_modules\axios\dist\esm\axios.js)
  throw (<native>)
  asyncGeneratorStep (node_modules\@babel\runtime\helpers\asyncToGenerator.js)
  _throw (node_modules\@babel\runtime\helpers\asyncToGenerator.js)
  tryCallOne (address at (InternalBytecode.js:1:1180)
  anonymous (address at (InternalBytecode.js:1:1874)
 ERROR  [Error: Uncaught (in promise, id: 50) Error: Sesión no válida o expirada.] 

Call Stack
  client.interceptors.response.use$argument_1 (services\api.ts)
  tryCallOne (address at (InternalBytecode.js:1:1180)
  anonymous (address at (InternalBytecode.js:1:1874)
  Axios$1#request (node_modules\axios\dist\esm\axios.js)
  throw (<native>)
  asyncGeneratorStep (node_modules\@babel\runtime\helpers\asyncToGenerator.js)
  _throw (node_modules\@babel\runtime\helpers\asyncToGenerator.js)
  tryCallOne (address at (InternalBytecode.js:1:1180)
  anonymous (address at (InternalBytecode.js:1:1874)
 ERROR  [Error: Uncaught (in promise, id: 51) Error: Sesión no válida o expirada.] 

Call Stack
  client.interceptors.response.use$argument_1 (services\api.ts)
  tryCallOne (address at (InternalBytecode.js:1:1180)
  anonymous (address at (InternalBytecode.js:1:1874)
  Axios$1#request (node_modules\axios\dist\esm\axios.js)
  throw (<native>)
  asyncGeneratorStep (node_modules\@babel\runtime\helpers\asyncToGenerator.js)
  _throw (node_modules\@babel\runtime\helpers\asyncToGenerator.js)
  tryCallOne (address at (InternalBytecode.js:1:1180)
  anonymous (address at (InternalBytecode.js:1:1874)
 ERROR  [Error: Uncaught (in promise, id: 52) Error: Sesión no válida o expirada.] 

Call Stack
  client.interceptors.response.use$argument_1 (services\api.ts)
  tryCallOne (address at (InternalBytecode.js:1:1180)
  anonymous (address at (InternalBytecode.js:1:1874)
  Axios$1#request (node_modules\axios\dist\esm\axios.js)
  throw (<native>)
  asyncGeneratorStep (node_modules\@babel\runtime\helpers\asyncToGenerator.js)
  _throw (node_modules\@babel\runtime\helpers\asyncToGenerator.js)
  tryCallOne (address at (InternalBytecode.js:1:1180)
  anonymous (address at (InternalBytecode.js:1:1874)
 ERROR  [Error: Uncaught (in promise, id: 53) Error: Sesión no válida o expirada.] 

Call Stack
  client.interceptors.response.use$argument_1 (services\api.ts)
  tryCallOne (address at (InternalBytecode.js:1:1180)
  anonymous (address at (InternalBytecode.js:1:1874)
  Axios$1#request (node_modules\axios\dist\esm\axios.js)
  throw (<native>)
  asyncGeneratorStep (node_modules\@babel\runtime\helpers\asyncToGenerator.js)
  _throw (node_modules\@babel\runtime\helpers\asyncToGenerator.js)
  tryCallOne (address at (InternalBytecode.js:1:1180)
  anonymous (address at (InternalBytecode.js:1:1874)
 ERROR  [Error: Uncaught (in promise, id: 54) Error: Sesión no válida o expirada.] 

Call Stack
  client.interceptors.response.use$argument_1 (services\api.ts)
  tryCallOne (address at (InternalBytecode.js:1:1180)
  anonymous (address at (InternalBytecode.js:1:1874)
  Axios$1#request (node_modules\axios\dist\esm\axios.js)
  throw (<native>)
  asyncGeneratorStep (node_modules\@babel\runtime\helpers\asyncToGenerator.js)
  _throw (node_modules\@babel\runtime\helpers\asyncToGenerator.js)
  tryCallOne (address at (InternalBytecode.js:1:1180)
  anonymous (address at (InternalBytecode.js:1:1874)
 ERROR  [Error: Uncaught (in promise, id: 55) Error: Sesión no válida o expirada.] 

Call Stack
  client.interceptors.response.use$argument_1 (services\api.ts)
  tryCallOne (address at (InternalBytecode.js:1:1180)
  anonymous (address at (InternalBytecode.js:1:1874)
  Axios$1#request (node_modules\axios\dist\esm\axios.js)
  throw (<native>)
  asyncGeneratorStep (node_modules\@babel\runtime\helpers\asyncToGenerator.js)
  _throw (node_modules\@babel\runtime\helpers\asyncToGenerator.js)
  tryCallOne (address at (InternalBytecode.js:1:1180)
  anonymous (address at (InternalBytecode.js:1:1874)
 ERROR  [Error: Uncaught (in promise, id: 56) Error: Sesión no válida o expirada.] 

Call Stack
  client.interceptors.response.use$argument_1 (services\api.ts)
  tryCallOne (address at (InternalBytecode.js:1:1180)
  anonymous (address at (InternalBytecode.js:1:1874)
  Axios$1#request (node_modules\axios\dist\esm\axios.js)
  throw (<native>)
  asyncGeneratorStep (node_modules\@babel\runtime\helpers\asyncToGenerator.js)
  _throw (node_modules\@babel\runtime\helpers\asyncToGenerator.js)
  tryCallOne (address at (InternalBytecode.js:1:1180)
  anonymous (address at (InternalBytecode.js:1:1874)
 ERROR  [Error: Uncaught (in promise, id: 57) Error: Sesión no válida o expirada.] 

Call Stack
  client.interceptors.response.use$argument_1 (services\api.ts)
  tryCallOne (address at (InternalBytecode.js:1:1180)
  anonymous (address at (InternalBytecode.js:1:1874)
  Axios$1#request (node_modules\axios\dist\esm\axios.js)
  throw (<native>)
  asyncGeneratorStep (node_modules\@babel\runtime\helpers\asyncToGenerator.js)
  _throw (node_modules\@babel\runtime\helpers\asyncToGenerator.js)
  tryCallOne (address at (InternalBytecode.js:1:1180)
  anonymous (address at (InternalBytecode.js:1:1874)
 ERROR  [Error: Uncaught (in promise, id: 58) Error: Sesión no válida o expirada.] 

Call Stack
  client.interceptors.response.use$argument_1 (services\api.ts)
  tryCallOne (address at (InternalBytecode.js:1:1180)
  anonymous (address at (InternalBytecode.js:1:1874)
  Axios$1#request (node_modules\axios\dist\esm\axios.js)
  throw (<native>)
  asyncGeneratorStep (node_modules\@babel\runtime\helpers\asyncToGenerator.js)
  _throw (node_modules\@babel\runtime\helpers\asyncToGenerator.js)
  tryCallOne (address at (InternalBytecode.js:1:1180)
  anonymous (address at (InternalBytecode.js:1:1874)
 ERROR  [Error: Uncaught (in promise, id: 59) Error: Sesión no válida o expirada.] 

Call Stack
  client.interceptors.response.use$argument_1 (services\api.ts)
  tryCallOne (address at (InternalBytecode.js:1:1180)
  anonymous (address at (InternalBytecode.js:1:1874)
  Axios$1#request (node_modules\axios\dist\esm\axios.js)
  throw (<native>)
  asyncGeneratorStep (node_modules\@babel\runtime\helpers\asyncToGenerator.js)
  _throw (node_modules\@babel\runtime\helpers\asyncToGenerator.js)
  tryCallOne (address at (InternalBytecode.js:1:1180)
  anonymous (address at (InternalBytecode.js:1:1874)
 ERROR  [Error: Uncaught (in promise, id: 60) Error: Sesión no válida o expirada.] 

Call Stack
  client.interceptors.response.use$argument_1 (services\api.ts)
  tryCallOne (address at (InternalBytecode.js:1:1180)
  anonymous (address at (InternalBytecode.js:1:1874)
  Axios$1#request (node_modules\axios\dist\esm\axios.js)
  throw (<native>)
  asyncGeneratorStep (node_modules\@babel\runtime\helpers\asyncToGenerator.js)
  _throw (node_modules\@babel\runtime\helpers\asyncToGenerator.js)
  tryCallOne (address at (InternalBytecode.js:1:1180)
  anonymous (address at (InternalBytecode.js:1:1874)
 ERROR  [Error: Uncaught (in promise, id: 61) Error: Sesión no válida o expirada.] 

Call Stack
  client.interceptors.response.use$argument_1 (services\api.ts)
  tryCallOne (address at (InternalBytecode.js:1:1180)
  anonymous (address at (InternalBytecode.js:1:1874)
  Axios$1#request (node_modules\axios\dist\esm\axios.js)
  throw (<native>)
  asyncGeneratorStep (node_modules\@babel\runtime\helpers\asyncToGenerator.js)
  _throw (node_modules\@babel\runtime\helpers\asyncToGenerator.js)
  tryCallOne (address at (InternalBytecode.js:1:1180)
  anonymous (address at (InternalBytecode.js:1:1874)
 ERROR  [Error: Uncaught (in promise, id: 62) Error: Sesión no válida o expirada.] 

Call Stack
  client.interceptors.response.use$argument_1 (services\api.ts)
  tryCallOne (address at (InternalBytecode.js:1:1180)
  anonymous (address at (InternalBytecode.js:1:1874)
  Axios$1#request (node_modules\axios\dist\esm\axios.js)
  throw (<native>)
  asyncGeneratorStep (node_modules\@babel\runtime\helpers\asyncToGenerator.js)
  _throw (node_modules\@babel\runtime\helpers\asyncToGenerator.js)
  tryCallOne (address at (InternalBytecode.js:1:1180)
  anonymous (address at (InternalBytecode.js:1:1874)
 ERROR  [Error: Uncaught (in promise, id: 63) Error: Sesión no válida o expirada.] 

Call Stack
  client.interceptors.response.use$argument_1 (services\api.ts)
  tryCallOne (address at (InternalBytecode.js:1:1180)
  anonymous (address at (InternalBytecode.js:1:1874)
  Axios$1#request (node_modules\axios\dist\esm\axios.js)
  throw (<native>)
  asyncGeneratorStep (node_modules\@babel\runtime\helpers\asyncToGenerator.js)
  _throw (node_modules\@babel\runtime\helpers\asyncToGenerator.js)
  tryCallOne (address at (InternalBytecode.js:1:1180)
  anonymous (address at (InternalBytecode.js:1:1874)
 ERROR  [Error: Uncaught (in promise, id: 64) Error: Sesión no válida o expirada.] 

Call Stack
  client.interceptors.response.use$argument_1 (services\api.ts)
  tryCallOne (address at (InternalBytecode.js:1:1180)
  anonymous (address at (InternalBytecode.js:1:1874)
  Axios$1#request (node_modules\axios\dist\esm\axios.js)
  throw (<native>)
  asyncGeneratorStep (node_modules\@babel\runtime\helpers\asyncToGenerator.js)
  _throw (node_modules\@babel\runtime\helpers\asyncToGenerator.js)
  tryCallOne (address at (InternalBytecode.js:1:1180)
  anonymous (address at (InternalBytecode.js:1:1874)
 ERROR  [Error: Uncaught (in promise, id: 65) Error: Sesión no válida o expirada.] 

Call Stack
  client.interceptors.response.use$argument_1 (services\api.ts)
  tryCallOne (address at (InternalBytecode.js:1:1180)
  anonymous (address at (InternalBytecode.js:1:1874)
  Axios$1#request (node_modules\axios\dist\esm\axios.js)
  throw (<native>)
  asyncGeneratorStep (node_modules\@babel\runtime\helpers\asyncToGenerator.js)
  _throw (node_modules\@babel\runtime\helpers\asyncToGenerator.js)
  tryCallOne (address at (InternalBytecode.js:1:1180)
  anonymous (address at (InternalBytecode.js:1:1874)
 ERROR  [Error: Uncaught (in promise, id: 66) Error: Sesión no válida o expirada.] 

Call Stack
  client.interceptors.response.use$argument_1 (services\api.ts)
  tryCallOne (address at (InternalBytecode.js:1:1180)
  anonymous (address at (InternalBytecode.js:1:1874)
  Axios$1#request (node_modules\axios\dist\esm\axios.js)
  throw (<native>)
  asyncGeneratorStep (node_modules\@babel\runtime\helpers\asyncToGenerator.js)
  _throw (node_modules\@babel\runtime\helpers\asyncToGenerator.js)
  tryCallOne (address at (InternalBytecode.js:1:1180)
  anonymous (address at (InternalBytecode.js:1:1874)
 ERROR  [Error: Uncaught (in promise, id: 67) Error: Sesión no válida o expirada.] 

Call Stack
  client.interceptors.response.use$argument_1 (services\api.ts)
  tryCallOne (address at (InternalBytecode.js:1:1180)
  anonymous (address at (InternalBytecode.js:1:1874)
  Axios$1#request (node_modules\axios\dist\esm\axios.js)
  throw (<native>)
  asyncGeneratorStep (node_modules\@babel\runtime\helpers\asyncToGenerator.js)
  _throw (node_modules\@babel\runtime\helpers\asyncToGenerator.js)
  tryCallOne (address at (InternalBytecode.js:1:1180)
  anonymous (address at (InternalBytecode.js:1:1874)
 ERROR  [Error: Uncaught (in promise, id: 68) Error: Sesión no válida o expirada.] 

Call Stack
  client.interceptors.response.use$argument_1 (services\api.ts)
  tryCallOne (address at (InternalBytecode.js:1:1180)
  anonymous (address at (InternalBytecode.js:1:1874)
  Axios$1#request (node_modules\axios\dist\esm\axios.js)
  throw (<native>)
  asyncGeneratorStep (node_modules\@babel\runtime\helpers\asyncToGenerator.js)
  _throw (node_modules\@babel\runtime\helpers\asyncToGenerator.js)
  tryCallOne (address at (InternalBytecode.js:1:1180)
  anonymous (address at (InternalBytecode.js:1:1874)
 ERROR  [Error: Uncaught (in promise, id: 69) Error: Sesión no válida o expirada.] 

Call Stack
  client.interceptors.response.use$argument_1 (services\api.ts)
  tryCallOne (address at (InternalBytecode.js:1:1180)
  anonymous (address at (InternalBytecode.js:1:1874)
  Axios$1#request (node_modules\axios\dist\esm\axios.js)
  throw (<native>)
  asyncGeneratorStep (node_modules\@babel\runtime\helpers\asyncToGenerator.js)
  _throw (node_modules\@babel\runtime\helpers\asyncToGenerator.js)
  tryCallOne (address at (InternalBytecode.js:1:1180)
  anonymous (address at (InternalBytecode.js:1:1874)
 ERROR  [Error: Uncaught (in promise, id: 70) Error: Sesión no válida o expirada.] 

Call Stack
  client.interceptors.response.use$argument_1 (services\api.ts)
  tryCallOne (address at (InternalBytecode.js:1:1180)
  anonymous (address at (InternalBytecode.js:1:1874)
  Axios$1#request (node_modules\axios\dist\esm\axios.js)
  throw (<native>)
  asyncGeneratorStep (node_modules\@babel\runtime\helpers\asyncToGenerator.js)
  _throw (node_modules\@babel\runtime\helpers\asyncToGenerator.js)
  tryCallOne (address at (InternalBytecode.js:1:1180)
  anonymous (address at (InternalBytecode.js:1:1874)
 ERROR  [Error: Uncaught (in promise, id: 71) Error: Sesión no válida o expirada.] 

Call Stack
  client.interceptors.response.use$argument_1 (services\api.ts)
  tryCallOne (address at (InternalBytecode.js:1:1180)
  anonymous (address at (InternalBytecode.js:1:1874)
  Axios$1#request (node_modules\axios\dist\esm\axios.js)
  throw (<native>)
  asyncGeneratorStep (node_modules\@babel\runtime\helpers\asyncToGenerator.js)
  _throw (node_modules\@babel\runtime\helpers\asyncToGenerator.js)
  tryCallOne (address at (InternalBytecode.js:1:1180)
  anonymous (address at (InternalBytecode.js:1:1874)
 ERROR  [Error: Uncaught (in promise, id: 72) Error: Sesión no válida o expirada.] 

Call Stack
  client.interceptors.response.use$argument_1 (services\api.ts)
  tryCallOne (address at (InternalBytecode.js:1:1180)
  anonymous (address at (InternalBytecode.js:1:1874)
  Axios$1#request (node_modules\axios\dist\esm\axios.js)
  throw (<native>)
  asyncGeneratorStep (node_modules\@babel\runtime\helpers\asyncToGenerator.js)
  _throw (node_modules\@babel\runtime\helpers\asyncToGenerator.js)
  tryCallOne (address at (InternalBytecode.js:1:1180)
  anonymous (address at (InternalBytecode.js:1:1874)
 ERROR  [Error: Uncaught (in promise, id: 73) Error: Sesión no válida o expirada.] 

Call Stack
  client.interceptors.response.use$argument_1 (services\api.ts)
  tryCallOne (address at (InternalBytecode.js:1:1180)
  anonymous (address at (InternalBytecode.js:1:1874)
  Axios$1#request (node_modules\axios\dist\esm\axios.js)
  throw (<native>)
  asyncGeneratorStep (node_modules\@babel\runtime\helpers\asyncToGenerator.js)
  _throw (node_modules\@babel\runtime\helpers\asyncToGenerator.js)
  tryCallOne (address at (InternalBytecode.js:1:1180)
  anonymous (address at (InternalBytecode.js:1:1874)
 ERROR  [Error: Uncaught (in promise, id: 74) Error: Sesión no válida o expirada.] 

Call Stack
  client.interceptors.response.use$argument_1 (services\api.ts)
  tryCallOne (address at (InternalBytecode.js:1:1180)
  anonymous (address at (InternalBytecode.js:1:1874)
  Axios$1#request (node_modules\axios\dist\esm\axios.js)
  throw (<native>)
  asyncGeneratorStep (node_modules\@babel\runtime\helpers\asyncToGenerator.js)
  _throw (node_modules\@babel\runtime\helpers\asyncToGenerator.js)
  tryCallOne (address at (InternalBytecode.js:1:1180)
  anonymous (address at (InternalBytecode.js:1:1874)
 ERROR  [Error: Uncaught (in promise, id: 75) Error: Sesión no válida o expirada.] 

Call Stack
  client.interceptors.response.use$argument_1 (services\api.ts)
  tryCallOne (address at (InternalBytecode.js:1:1180)
  anonymous (address at (InternalBytecode.js:1:1874)
  Axios$1#request (node_modules\axios\dist\esm\axios.js)
  throw (<native>)
  asyncGeneratorStep (node_modules\@babel\runtime\helpers\asyncToGenerator.js)
  _throw (node_modules\@babel\runtime\helpers\asyncToGenerator.js)
  tryCallOne (address at (InternalBytecode.js:1:1180)
  anonymous (address at (InternalBytecode.js:1:1874)
 ERROR  [Error: Uncaught (in promise, id: 76) Error: Sesión no válida o expirada.] 

Call Stack
  client.interceptors.response.use$argument_1 (services\api.ts)
  tryCallOne (address at (InternalBytecode.js:1:1180)
  anonymous (address at (InternalBytecode.js:1:1874)
  Axios$1#request (node_modules\axios\dist\esm\axios.js)
  throw (<native>)
  asyncGeneratorStep (node_modules\@babel\runtime\helpers\asyncToGenerator.js)
  _throw (node_modules\@babel\runtime\helpers\asyncToGenerator.js)
  tryCallOne (address at (InternalBytecode.js:1:1180)
  anonymous (address at (InternalBytecode.js:1:1874)
 ERROR  [Error: Uncaught (in promise, id: 77) Error: Sesión no válida o expirada.] 

Call Stack
  client.interceptors.response.use$argument_1 (services\api.ts)
  tryCallOne (address at (InternalBytecode.js:1:1180)
  anonymous (address at (InternalBytecode.js:1:1874)
  Axios$1#request (node_modules\axios\dist\esm\axios.js)
  throw (<native>)
  asyncGeneratorStep (node_modules\@babel\runtime\helpers\asyncToGenerator.js)
  _throw (node_modules\@babel\runtime\helpers\asyncToGenerator.js)
  tryCallOne (address at (InternalBytecode.js:1:1180)
  anonymous (address at (InternalBytecode.js:1:1874)
 ERROR  [Error: Uncaught (in promise, id: 78) Error: Sesión no válida o expirada.] 

Call Stack
  client.interceptors.response.use$argument_1 (services\api.ts)
  tryCallOne (address at (InternalBytecode.js:1:1180)
  anonymous (address at (InternalBytecode.js:1:1874)
  Axios$1#request (node_modules\axios\dist\esm\axios.js)
  throw (<native>)
  asyncGeneratorStep (node_modules\@babel\runtime\helpers\asyncToGenerator.js)
  _throw (node_modules\@babel\runtime\helpers\asyncToGenerator.js)
  tryCallOne (address at (InternalBytecode.js:1:1180)
  anonymous (address at (InternalBytecode.js:1:1874)
 ERROR  [Error: Uncaught (in promise, id: 79) Error: Sesión no válida o expirada.] 

Call Stack
  client.interceptors.response.use$argument_1 (services\api.ts)
  tryCallOne (address at (InternalBytecode.js:1:1180)
  anonymous (address at (InternalBytecode.js:1:1874)
  Axios$1#request (node_modules\axios\dist\esm\axios.js)
  throw (<native>)
  asyncGeneratorStep (node_modules\@babel\runtime\helpers\asyncToGenerator.js)
  _throw (node_modules\@babel\runtime\helpers\asyncToGenerator.js)
  tryCallOne (address at (InternalBytecode.js:1:1180)
  anonymous (address at (InternalBytecode.js:1:1874)
 ERROR  [Error: Uncaught (in promise, id: 80) Error: Sesión no válida o expirada.] 

Call Stack
  client.interceptors.response.use$argument_1 (services\api.ts)
  tryCallOne (address at (InternalBytecode.js:1:1180)
  anonymous (address at (InternalBytecode.js:1:1874)
  Axios$1#request (node_modules\axios\dist\esm\axios.js)
  throw (<native>)
  asyncGeneratorStep (node_modules\@babel\runtime\helpers\asyncToGenerator.js)
  _throw (node_modules\@babel\runtime\helpers\asyncToGenerator.js)
  tryCallOne (address at (InternalBytecode.js:1:1180)
  anonymous (address at (InternalBytecode.js:1:1874)
 ERROR  [Error: Uncaught (in promise, id: 81) Error: Sesión no válida o expirada.] 

Call Stack
  client.interceptors.response.use$argument_1 (services\api.ts)
  tryCallOne (address at (InternalBytecode.js:1:1180)
  anonymous (address at (InternalBytecode.js:1:1874)
  Axios$1#request (node_modules\axios\dist\esm\axios.js)
  throw (<native>)
  asyncGeneratorStep (node_modules\@babel\runtime\helpers\asyncToGenerator.js)
  _throw (node_modules\@babel\runtime\helpers\asyncToGenerator.js)
  tryCallOne (address at (InternalBytecode.js:1:1180)
  anonymous (address at (InternalBytecode.js:1:1874)
 ERROR  [Error: Uncaught (in promise, id: 82) Error: Sesión no válida o expirada.] 

Call Stack
  client.interceptors.response.use$argument_1 (services\api.ts)
  tryCallOne (address at (InternalBytecode.js:1:1180)
  anonymous (address at (InternalBytecode.js:1:1874)
  Axios$1#request (node_modules\axios\dist\esm\axios.js)
  throw (<native>)
  asyncGeneratorStep (node_modules\@babel\runtime\helpers\asyncToGenerator.js)
  _throw (node_modules\@babel\runtime\helpers\asyncToGenerator.js)
  tryCallOne (address at (InternalBytecode.js:1:1180)
  anonymous (address at (InternalBytecode.js:1:1874)
 ERROR  [Error: Uncaught (in promise, id: 83) Error: Sesión no válida o expirada.] 

Call Stack
  client.interceptors.response.use$argument_1 (services\api.ts)
  tryCallOne (address at (InternalBytecode.js:1:1180)
  anonymous (address at (InternalBytecode.js:1:1874)
  Axios$1#request (node_modules\axios\dist\esm\axios.js)
  throw (<native>)
  asyncGeneratorStep (node_modules\@babel\runtime\helpers\asyncToGenerator.js)
  _throw (node_modules\@babel\runtime\helpers\asyncToGenerator.js)
  tryCallOne (address at (InternalBytecode.js:1:1180)
  anonymous (address at (InternalBytecode.js:1:1874)
 ERROR  [Error: Uncaught (in promise, id: 84) Error: Sesión no válida o expirada.] 

Call Stack
  client.interceptors.response.use$argument_1 (services\api.ts)
  tryCallOne (address at (InternalBytecode.js:1:1180)
  anonymous (address at (InternalBytecode.js:1:1874)
  Axios$1#request (node_modules\axios\dist\esm\axios.js)
  throw (<native>)
  asyncGeneratorStep (node_modules\@babel\runtime\helpers\asyncToGenerator.js)
  _throw (node_modules\@babel\runtime\helpers\asyncToGenerator.js)
  tryCallOne (address at (InternalBytecode.js:1:1180)
  anonymous (address at (InternalBytecode.js:1:1874)
 ERROR  [Error: Uncaught (in promise, id: 85) Error: Sesión no válida o expirada.] 

Call Stack
  client.interceptors.response.use$argument_1 (services\api.ts)
  tryCallOne (address at (InternalBytecode.js:1:1180)
  anonymous (address at (InternalBytecode.js:1:1874)
  Axios$1#request (node_modules\axios\dist\esm\axios.js)
  throw (<native>)
  asyncGeneratorStep (node_modules\@babel\runtime\helpers\asyncToGenerator.js)
  _throw (node_modules\@babel\runtime\helpers\asyncToGenerator.js)
  tryCallOne (address at (InternalBytecode.js:1:1180)
  anonymous (address at (InternalBytecode.js:1:1874)
 ERROR  [Error: Uncaught (in promise, id: 86) Error: Sesión no válida o expirada.] 

Call Stack
  client.interceptors.response.use$argument_1 (services\api.ts)
  tryCallOne (address at (InternalBytecode.js:1:1180)
  anonymous (address at (InternalBytecode.js:1:1874)
  Axios$1#request (node_modules\axios\dist\esm\axios.js)
  throw (<native>)
  asyncGeneratorStep (node_modules\@babel\runtime\helpers\asyncToGenerator.js)
  _throw (node_modules\@babel\runtime\helpers\asyncToGenerator.js)
  tryCallOne (address at (InternalBytecode.js:1:1180)
  anonymous (address at (InternalBytecode.js:1:1874)
 ERROR  [Error: Uncaught (in promise, id: 87) Error: Sesión no válida o expirada.] 

Call Stack
  client.interceptors.response.use$argument_1 (services\api.ts)
  tryCallOne (address at (InternalBytecode.js:1:1180)
  anonymous (address at (InternalBytecode.js:1:1874)
  Axios$1#request (node_modules\axios\dist\esm\axios.js)
  throw (<native>)
  asyncGeneratorStep (node_modules\@babel\runtime\helpers\asyncToGenerator.js)
  _throw (node_modules\@babel\runtime\helpers\asyncToGenerator.js)
  tryCallOne (address at (InternalBytecode.js:1:1180)
  anonymous (address at (InternalBytecode.js:1:1874)
 ERROR  [Error: Uncaught (in promise, id: 88) Error: Sesión no válida o expirada.] 

Call Stack
  client.interceptors.response.use$argument_1 (services\api.ts)
  tryCallOne (address at (InternalBytecode.js:1:1180)
  anonymous (address at (InternalBytecode.js:1:1874)
  Axios$1#request (node_modules\axios\dist\esm\axios.js)
  throw (<native>)
  asyncGeneratorStep (node_modules\@babel\runtime\helpers\asyncToGenerator.js)
  _throw (node_modules\@babel\runtime\helpers\asyncToGenerator.js)
  tryCallOne (address at (InternalBytecode.js:1:1180)
  anonymous (address at (InternalBytecode.js:1:1874)
 ERROR  [Error: Uncaught (in promise, id: 89) Error: Sesión no válida o expirada.] 

Call Stack
  client.interceptors.response.use$argument_1 (services\api.ts)
  tryCallOne (address at (InternalBytecode.js:1:1180)
  anonymous (address at (InternalBytecode.js:1:1874)
  Axios$1#request (node_modules\axios\dist\esm\axios.js)
  throw (<native>)
  asyncGeneratorStep (node_modules\@babel\runtime\helpers\asyncToGenerator.js)
  _throw (node_modules\@babel\runtime\helpers\asyncToGenerator.js)
  tryCallOne (address at (InternalBytecode.js:1:1180)
  anonymous (address at (InternalBytecode.js:1:1874)
 ERROR  [Error: Uncaught (in promise, id: 90) Error: Sesión no válida o expirada.] 

Call Stack
  client.interceptors.response.use$argument_1 (services\api.ts)
  tryCallOne (address at (InternalBytecode.js:1:1180)
  anonymous (address at (InternalBytecode.js:1:1874)
  Axios$1#request (node_modules\axios\dist\esm\axios.js)
  throw (<native>)
  asyncGeneratorStep (node_modules\@babel\runtime\helpers\asyncToGenerator.js)
  _throw (node_modules\@babel\runtime\helpers\asyncToGenerator.js)
  tryCallOne (address at (InternalBytecode.js:1:1180)
  anonymous (address at (InternalBytecode.js:1:1874)
 ERROR  [Error: Uncaught (in promise, id: 91) Error: Sesión no válida o expirada.] 

Call Stack
  client.interceptors.response.use$argument_1 (services\api.ts)
  tryCallOne (address at (InternalBytecode.js:1:1180)
  anonymous (address at (InternalBytecode.js:1:1874)
  Axios$1#request (node_modules\axios\dist\esm\axios.js)
  throw (<native>)
  asyncGeneratorStep (node_modules\@babel\runtime\helpers\asyncToGenerator.js)
  _throw (node_modules\@babel\runtime\helpers\asyncToGenerator.js)
  tryCallOne (address at (InternalBytecode.js:1:1180)
  anonymous (address at (InternalBytecode.js:1:1874)
 ERROR  [Error: Uncaught (in promise, id: 92) Error: Sesión no válida o expirada.] 

Call Stack
  client.interceptors.response.use$argument_1 (services\api.ts)
  tryCallOne (address at (InternalBytecode.js:1:1180)
  anonymous (address at (InternalBytecode.js:1:1874)
  Axios$1#request (node_modules\axios\dist\esm\axios.js)
  throw (<native>)
  asyncGeneratorStep (node_modules\@babel\runtime\helpers\asyncToGenerator.js)
  _throw (node_modules\@babel\runtime\helpers\asyncToGenerator.js)
  tryCallOne (address at (InternalBytecode.js:1:1180)
  anonymous (address at (InternalBytecode.js:1:1874)
 ERROR  [Error: Uncaught (in promise, id: 93) Error: Sesión no válida o expirada.] 

Call Stack
  client.interceptors.response.use$argument_1 (services\api.ts)
  tryCallOne (address at (InternalBytecode.js:1:1180)
  anonymous (address at (InternalBytecode.js:1:1874)
  Axios$1#request (node_modules\axios\dist\esm\axios.js)
  throw (<native>)
  asyncGeneratorStep (node_modules\@babel\runtime\helpers\asyncToGenerator.js)
  _throw (node_modules\@babel\runtime\helpers\asyncToGenerator.js)
  tryCallOne (address at (InternalBytecode.js:1:1180)
  anonymous (address at (InternalBytecode.js:1:1874)
 ERROR  [Error: Uncaught (in promise, id: 94) Error: Sesión no válida o expirada.] 

Call Stack
  client.interceptors.response.use$argument_1 (services\api.ts)
  tryCallOne (address at (InternalBytecode.js:1:1180)
  anonymous (address at (InternalBytecode.js:1:1874)
  Axios$1#request (node_modules\axios\dist\esm\axios.js)
  throw (<native>)
  asyncGeneratorStep (node_modules\@babel\runtime\helpers\asyncToGenerator.js)
  _throw (node_modules\@babel\runtime\helpers\asyncToGenerator.js)
  tryCallOne (address at (InternalBytecode.js:1:1180)
  anonymous (address at (InternalBytecode.js:1:1874)
 ERROR  [Error: Uncaught (in promise, id: 95) Error: Sesión no válida o expirada.] 

Call Stack
  client.interceptors.response.use$argument_1 (services\api.ts)
  tryCallOne (address at (InternalBytecode.js:1:1180)
  anonymous (address at (InternalBytecode.js:1:1874)
  Axios$1#request (node_modules\axios\dist\esm\axios.js)
  throw (<native>)
  asyncGeneratorStep (node_modules\@babel\runtime\helpers\asyncToGenerator.js)
  _throw (node_modules\@babel\runtime\helpers\asyncToGenerator.js)
  tryCallOne (address at (InternalBytecode.js:1:1180)
  anonymous (address at (InternalBytecode.js:1:1874)
 ERROR  [Error: Uncaught (in promise, id: 96) Error: Sesión no válida o expirada.] 

Call Stack
  client.interceptors.response.use$argument_1 (services\api.ts)
  tryCallOne (address at (InternalBytecode.js:1:1180)
  anonymous (address at (InternalBytecode.js:1:1874)
  Axios$1#request (node_modules\axios\dist\esm\axios.js)
  throw (<native>)
  asyncGeneratorStep (node_modules\@babel\runtime\helpers\asyncToGenerator.js)
  _throw (node_modules\@babel\runtime\helpers\asyncToGenerator.js)
  tryCallOne (address at (InternalBytecode.js:1:1180)
  anonymous (address at (InternalBytecode.js:1:1874)
 ERROR  [Error: Uncaught (in promise, id: 97) Error: Sesión no válida o expirada.] 

Call Stack
  client.interceptors.response.use$argument_1 (services\api.ts)
  tryCallOne (address at (InternalBytecode.js:1:1180)
  anonymous (address at (InternalBytecode.js:1:1874)
  Axios$1#request (node_modules\axios\dist\esm\axios.js)
  throw (<native>)
  asyncGeneratorStep (node_modules\@babel\runtime\helpers\asyncToGenerator.js)
  _throw (node_modules\@babel\runtime\helpers\asyncToGenerator.js)
  tryCallOne (address at (InternalBytecode.js:1:1180)
  anonymous (address at (InternalBytecode.js:1:1874)
 ERROR  [Error: Uncaught (in promise, id: 98) Error: Sesión no válida o expirada.] 

Call Stack
  client.interceptors.response.use$argument_1 (services\api.ts)
  tryCallOne (address at (InternalBytecode.js:1:1180)
  anonymous (address at (InternalBytecode.js:1:1874)
  Axios$1#request (node_modules\axios\dist\esm\axios.js)
  throw (<native>)
  asyncGeneratorStep (node_modules\@babel\runtime\helpers\asyncToGenerator.js)
  _throw (node_modules\@babel\runtime\helpers\asyncToGenerator.js)
  tryCallOne (address at (InternalBytecode.js:1:1180)
  anonymous (address at (InternalBytecode.js:1:1874)
 ERROR  [Error: Uncaught (in promise, id: 99) Error: Sesión no válida o expirada.] 

Call Stack
  client.interceptors.response.use$argument_1 (services\api.ts)
  tryCallOne (address at (InternalBytecode.js:1:1180)
  anonymous (address at (InternalBytecode.js:1:1874)
  Axios$1#request (node_modules\axios\dist\esm\axios.js)
  throw (<native>)
  asyncGeneratorStep (node_modules\@babel\runtime\helpers\asyncToGenerator.js)
  _throw (node_modules\@babel\runtime\helpers\asyncToGenerator.js)
  tryCallOne (address at (InternalBytecode.js:1:1180)
  anonymous (address at (InternalBytecode.js:1:1874)
 ERROR  [Error: Uncaught (in promise, id: 100) Error: Sesión no válida o expirada.] 

Call Stack
  client.interceptors.response.use$argument_1 (services\api.ts)
  tryCallOne (address at (InternalBytecode.js:1:1180)
  anonymous (address at (InternalBytecode.js:1:1874)
  Axios$1#request (node_modules\axios\dist\esm\axios.js)
  throw (<native>)
  asyncGeneratorStep (node_modules\@babel\runtime\helpers\asyncToGenerator.js)
  _throw (node_modules\@babel\runtime\helpers\asyncToGenerator.js)
  tryCallOne (address at (InternalBytecode.js:1:1180)
  anonymous (address at (InternalBytecode.js:1:1874)
 ERROR  [Error: Uncaught (in promise, id: 101) Error: Sesión no válida o expirada.] 

Call Stack
  client.interceptors.response.use$argument_1 (services\api.ts)
  tryCallOne (address at (InternalBytecode.js:1:1180)
  anonymous (address at (InternalBytecode.js:1:1874)
  Axios$1#request (node_modules\axios\dist\esm\axios.js)
  throw (<native>)
  asyncGeneratorStep (node_modules\@babel\runtime\helpers\asyncToGenerator.js)
  _throw (node_modules\@babel\runtime\helpers\asyncToGenerator.js)
  tryCallOne (address at (InternalBytecode.js:1:1180)
  anonymous (address at (InternalBytecode.js:1:1874)
 ERROR  [Error: Uncaught (in promise, id: 102) Error: Sesión no válida o expirada.] 

Call Stack
  client.interceptors.response.use$argument_1 (services\api.ts)
  tryCallOne (address at (InternalBytecode.js:1:1180)
  anonymous (address at (InternalBytecode.js:1:1874)
  Axios$1#request (node_modules\axios\dist\esm\axios.js)
  throw (<native>)
  asyncGeneratorStep (node_modules\@babel\runtime\helpers\asyncToGenerator.js)
  _throw (node_modules\@babel\runtime\helpers\asyncToGenerator.js)
  tryCallOne (address at (InternalBytecode.js:1:1180)
  anonymous (address at (InternalBytecode.js:1:1874)
 ERROR  [Error: Uncaught (in promise, id: 103) Error: Sesión no válida o expirada.] 

Call Stack
  client.interceptors.response.use$argument_1 (services\api.ts)
  tryCallOne (address at (InternalBytecode.js:1:1180)
  anonymous (address at (InternalBytecode.js:1:1874)
  Axios$1#request (node_modules\axios\dist\esm\axios.js)
  throw (<native>)
  asyncGeneratorStep (node_modules\@babel\runtime\helpers\asyncToGenerator.js)
  _throw (node_modules\@babel\runtime\helpers\asyncToGenerator.js)
  tryCallOne (address at (InternalBytecode.js:1:1180)
  anonymous (address at (InternalBytecode.js:1:1874)
 ERROR  [Error: Uncaught (in promise, id: 104) Error: Sesión no válida o expirada.] 

Call Stack
  client.interceptors.response.use$argument_1 (services\api.ts)
  tryCallOne (address at (InternalBytecode.js:1:1180)
  anonymous (address at (InternalBytecode.js:1:1874)
  Axios$1#request (node_modules\axios\dist\esm\axios.js)
  throw (<native>)
  asyncGeneratorStep (node_modules\@babel\runtime\helpers\asyncToGenerator.js)
  _throw (node_modules\@babel\runtime\helpers\asyncToGenerator.js)
  tryCallOne (address at (InternalBytecode.js:1:1180)
  anonymous (address at (InternalBytecode.js:1:1874)
 ERROR  [Error: Uncaught (in promise, id: 105) Error: Sesión no válida o expirada.] 

Call Stack
  client.interceptors.response.use$argument_1 (services\api.ts)
  tryCallOne (address at (InternalBytecode.js:1:1180)
  anonymous (address at (InternalBytecode.js:1:1874)
  Axios$1#request (node_modules\axios\dist\esm\axios.js)
  throw (<native>)
  asyncGeneratorStep (node_modules\@babel\runtime\helpers\asyncToGenerator.js)
  _throw (node_modules\@babel\runtime\helpers\asyncToGenerator.js)
  tryCallOne (address at (InternalBytecode.js:1:1180)
  anonymous (address at (InternalBytecode.js:1:1874)
 ERROR  [Error: Uncaught (in promise, id: 106) Error: Sesión no válida o expirada.] 

Call Stack
  client.interceptors.response.use$argument_1 (services\api.ts)
  tryCallOne (address at (InternalBytecode.js:1:1180)
  anonymous (address at (InternalBytecode.js:1:1874)
  Axios$1#request (node_modules\axios\dist\esm\axios.js)
  throw (<native>)
  asyncGeneratorStep (node_modules\@babel\runtime\helpers\asyncToGenerator.js)
  _throw (node_modules\@babel\runtime\helpers\asyncToGenerator.js)
  tryCallOne (address at (InternalBytecode.js:1:1180)
  anonymous (address at (InternalBytecode.js:1:1874)
 ERROR  [Error: Uncaught (in promise, id: 107) Error: Sesión no válida o expirada.] 

Call Stack
  client.interceptors.response.use$argument_1 (services\api.ts)
  tryCallOne (address at (InternalBytecode.js:1:1180)
  anonymous (address at (InternalBytecode.js:1:1874)
  Axios$1#request (node_modules\axios\dist\esm\axios.js)
  throw (<native>)
  asyncGeneratorStep (node_modules\@babel\runtime\helpers\asyncToGenerator.js)
  _throw (node_modules\@babel\runtime\helpers\asyncToGenerator.js)
  tryCallOne (address at (InternalBytecode.js:1:1180)
  anonymous (address at (InternalBytecode.js:1:1874)
 ERROR  [Error: Uncaught (in promise, id: 108) Error: Sesión no válida o expirada.] 

Call Stack
  client.interceptors.response.use$argument_1 (services\api.ts)
  tryCallOne (address at (InternalBytecode.js:1:1180)
  anonymous (address at (InternalBytecode.js:1:1874)
  Axios$1#request (node_modules\axios\dist\esm\axios.js)
  throw (<native>)
  asyncGeneratorStep (node_modules\@babel\runtime\helpers\asyncToGenerator.js)
  _throw (node_modules\@babel\runtime\helpers\asyncToGenerator.js)
  tryCallOne (address at (InternalBytecode.js:1:1180)
  anonymous (address at (InternalBytecode.js:1:1874)
 ERROR  [Error: Uncaught (in promise, id: 109) Error: Sesión no válida o expirada.] 

Call Stack
  client.interceptors.response.use$argument_1 (services\api.ts)
  tryCallOne (address at (InternalBytecode.js:1:1180)
  anonymous (address at (InternalBytecode.js:1:1874)
  Axios$1#request (node_modules\axios\dist\esm\axios.js)
  throw (<native>)
  asyncGeneratorStep (node_modules\@babel\runtime\helpers\asyncToGenerator.js)
  _throw (node_modules\@babel\runtime\helpers\asyncToGenerator.js)
  tryCallOne (address at (InternalBytecode.js:1:1180)
  anonymous (address at (InternalBytecode.js:1:1874)
 ERROR  [Error: Uncaught (in promise, id: 110) Error: Sesión no válida o expirada.] 

Call Stack
  client.interceptors.response.use$argument_1 (services\api.ts)
  tryCallOne (address at (InternalBytecode.js:1:1180)
  anonymous (address at (InternalBytecode.js:1:1874)
  Axios$1#request (node_modules\axios\dist\esm\axios.js)
  throw (<native>)
  asyncGeneratorStep (node_modules\@babel\runtime\helpers\asyncToGenerator.js)
  _throw (node_modules\@babel\runtime\helpers\asyncToGenerator.js)
  tryCallOne (address at (InternalBytecode.js:1:1180)
  anonymous (address at (InternalBytecode.js:1:1874)
 ERROR  [Error: Uncaught (in promise, id: 111) Error: Sesión no válida o expirada.] 

Call Stack
  client.interceptors.response.use$argument_1 (services\api.ts)
  tryCallOne (address at (InternalBytecode.js:1:1180)
  anonymous (address at (InternalBytecode.js:1:1874)
  Axios$1#request (node_modules\axios\dist\esm\axios.js)
  throw (<native>)
  asyncGeneratorStep (node_modules\@babel\runtime\helpers\asyncToGenerator.js)
  _throw (node_modules\@babel\runtime\helpers\asyncToGenerator.js)
  tryCallOne (address at (InternalBytecode.js:1:1180)
  anonymous (address at (InternalBytecode.js:1:1874)
 ERROR  [Error: Uncaught (in promise, id: 112) Error: Sesión no válida o expirada.] 

Call Stack
  client.interceptors.response.use$argument_1 (services\api.ts)
  tryCallOne (address at (InternalBytecode.js:1:1180)
  anonymous (address at (InternalBytecode.js:1:1874)
  Axios$1#request (node_modules\axios\dist\esm\axios.js)
  throw (<native>)
  asyncGeneratorStep (node_modules\@babel\runtime\helpers\asyncToGenerator.js)
  _throw (node_modules\@babel\runtime\helpers\asyncToGenerator.js)
  tryCallOne (address at (InternalBytecode.js:1:1180)
  anonymous (address at (InternalBytecode.js:1:1874)
 ERROR  [Error: Uncaught (in promise, id: 113) Error: Sesión no válida o expirada.] 

Call Stack
  client.interceptors.response.use$argument_1 (services\api.ts)
  tryCallOne (address at (InternalBytecode.js:1:1180)
  anonymous (address at (InternalBytecode.js:1:1874)
  Axios$1#request (node_modules\axios\dist\esm\axios.js)
  throw (<native>)
  asyncGeneratorStep (node_modules\@babel\runtime\helpers\asyncToGenerator.js)
  _throw (node_modules\@babel\runtime\helpers\asyncToGenerator.js)
  tryCallOne (address at (InternalBytecode.js:1:1180)
  anonymous (address at (InternalBytecode.js:1:1874)
 ERROR  [Error: Uncaught (in promise, id: 114) Error: Sesión no válida o expirada.] 

Call Stack
  client.interceptors.response.use$argument_1 (services\api.ts)
  tryCallOne (address at (InternalBytecode.js:1:1180)
  anonymous (address at (InternalBytecode.js:1:1874)
  Axios$1#request (node_modules\axios\dist\esm\axios.js)
  throw (<native>)
  asyncGeneratorStep (node_modules\@babel\runtime\helpers\asyncToGenerator.js)
  _throw (node_modules\@babel\runtime\helpers\asyncToGenerator.js)
  tryCallOne (address at (InternalBytecode.js:1:1180)
  anonymous (address at (InternalBytecode.js:1:1874)
 ERROR  [Error: Uncaught (in promise, id: 115) Error: Sesión no válida o expirada.] 

Call Stack
  client.interceptors.response.use$argument_1 (services\api.ts)
  tryCallOne (address at (InternalBytecode.js:1:1180)
  anonymous (address at (InternalBytecode.js:1:1874)
  Axios$1#request (node_modules\axios\dist\esm\axios.js)
  throw (<native>)
  asyncGeneratorStep (node_modules\@babel\runtime\helpers\asyncToGenerator.js)
  _throw (node_modules\@babel\runtime\helpers\asyncToGenerator.js)
  tryCallOne (address at (InternalBytecode.js:1:1180)
  anonymous (address at (InternalBytecode.js:1:1874)
 ERROR  [Error: Uncaught (in promise, id: 116) Error: Sesión no válida o expirada.] 

Call Stack
  client.interceptors.response.use$argument_1 (services\api.ts)
  tryCallOne (address at (InternalBytecode.js:1:1180)
  anonymous (address at (InternalBytecode.js:1:1874)
  Axios$1#request (node_modules\axios\dist\esm\axios.js)
  throw (<native>)
  asyncGeneratorStep (node_modules\@babel\runtime\helpers\asyncToGenerator.js)
  _throw (node_modules\@babel\runtime\helpers\asyncToGenerator.js)
  tryCallOne (address at (InternalBytecode.js:1:1180)
  anonymous (address at (InternalBytecode.js:1:1874)
 ERROR  [Error: Uncaught (in promise, id: 117) Error: Sesión no válida o expirada.] 

Call Stack
  client.interceptors.response.use$argument_1 (services\api.ts)
  tryCallOne (address at (InternalBytecode.js:1:1180)
  anonymous (address at (InternalBytecode.js:1:1874)
  Axios$1#request (node_modules\axios\dist\esm\axios.js)
  throw (<native>)
  asyncGeneratorStep (node_modules\@babel\runtime\helpers\asyncToGenerator.js)
  _throw (node_modules\@babel\runtime\helpers\asyncToGenerator.js)
  tryCallOne (address at (InternalBytecode.js:1:1180)
  anonymous (address at (InternalBytecode.js:1:1874)
 ERROR  [Error: Uncaught (in promise, id: 118) Error: Sesión no válida o expirada.] 

Call Stack
  client.interceptors.response.use$argument_1 (services\api.ts)
  tryCallOne (address at (InternalBytecode.js:1:1180)
  anonymous (address at (InternalBytecode.js:1:1874)
  Axios$1#request (node_modules\axios\dist\esm\axios.js)
  throw (<native>)
  asyncGeneratorStep (node_modules\@babel\runtime\helpers\asyncToGenerator.js)
  _throw (node_modules\@babel\runtime\helpers\asyncToGenerator.js)
  tryCallOne (address at (InternalBytecode.js:1:1180)
  anonymous (address at (InternalBytecode.js:1:1874)
 ERROR  [Error: Uncaught (in promise, id: 119) Error: Sesión no válida o expirada.] 

Call Stack
  client.interceptors.response.use$argument_1 (services\api.ts)
  tryCallOne (address at (InternalBytecode.js:1:1180)
  anonymous (address at (InternalBytecode.js:1:1874)
  Axios$1#request (node_modules\axios\dist\esm\axios.js)
  throw (<native>)
  asyncGeneratorStep (node_modules\@babel\runtime\helpers\asyncToGenerator.js)
  _throw (node_modules\@babel\runtime\helpers\asyncToGenerator.js)
  tryCallOne (address at (InternalBytecode.js:1:1180)
  anonymous (address at (InternalBytecode.js:1:1874)
 ERROR  [Error: Uncaught (in promise, id: 120) Error: Sesión no válida o expirada.] 

Call Stack
  client.interceptors.response.use$argument_1 (services\api.ts)
  tryCallOne (address at (InternalBytecode.js:1:1180)
  anonymous (address at (InternalBytecode.js:1:1874)
  Axios$1#request (node_modules\axios\dist\esm\axios.js)
  throw (<native>)
  asyncGeneratorStep (node_modules\@babel\runtime\helpers\asyncToGenerator.js)
  _throw (node_modules\@babel\runtime\helpers\asyncToGenerator.js)
  tryCallOne (address at (InternalBytecode.js:1:1180)
  anonymous (address at (InternalBytecode.js:1:1874)
 ERROR  [Error: Uncaught (in promise, id: 121) Error: Sesión no válida o expirada.] 

Call Stack
  client.interceptors.response.use$argument_1 (services\api.ts)
  tryCallOne (address at (InternalBytecode.js:1:1180)
  anonymous (address at (InternalBytecode.js:1:1874)
  Axios$1#request (node_modules\axios\dist\esm\axios.js)
  throw (<native>)
  asyncGeneratorStep (node_modules\@babel\runtime\helpers\asyncToGenerator.js)
  _throw (node_modules\@babel\runtime\helpers\asyncToGenerator.js)
  tryCallOne (address at (InternalBytecode.js:1:1180)
  anonymous (address at (InternalBytecode.js:1:1874)
 ERROR  [Error: Uncaught (in promise, id: 122) Error: Sesión no válida o expirada.] 

Call Stack
  client.interceptors.response.use$argument_1 (services\api.ts)
  tryCallOne (address at (InternalBytecode.js:1:1180)
  anonymous (address at (InternalBytecode.js:1:1874)
  Axios$1#request (node_modules\axios\dist\esm\axios.js)
  throw (<native>)
  asyncGeneratorStep (node_modules\@babel\runtime\helpers\asyncToGenerator.js)
  _throw (node_modules\@babel\runtime\helpers\asyncToGenerator.js)
  tryCallOne (address at (InternalBytecode.js:1:1180)
  anonymous (address at (InternalBytecode.js:1:1874)
 ERROR  [Error: Uncaught (in promise, id: 123) Error: Sesión no válida o expirada.] 

Call Stack
  client.interceptors.response.use$argument_1 (services\api.ts)
  tryCallOne (address at (InternalBytecode.js:1:1180)
  anonymous (address at (InternalBytecode.js:1:1874)
  Axios$1#request (node_modules\axios\dist\esm\axios.js)
  throw (<native>)
  asyncGeneratorStep (node_modules\@babel\runtime\helpers\asyncToGenerator.js)
  _throw (node_modules\@babel\runtime\helpers\asyncToGenerator.js)
  tryCallOne (address at (InternalBytecode.js:1:1180)
  anonymous (address at (InternalBytecode.js:1:1874)
 ERROR  [Error: Uncaught (in promise, id: 124) Error: Sesión no válida o expirada.] 

Call Stack
  client.interceptors.response.use$argument_1 (services\api.ts)
  tryCallOne (address at (InternalBytecode.js:1:1180)
  anonymous (address at (InternalBytecode.js:1:1874)
  Axios$1#request (node_modules\axios\dist\esm\axios.js)
  throw (<native>)
  asyncGeneratorStep (node_modules\@babel\runtime\helpers\asyncToGenerator.js)
  _throw (node_modules\@babel\runtime\helpers\asyncToGenerator.js)
  tryCallOne (address at (InternalBytecode.js:1:1180)
  anonymous (address at (InternalBytecode.js:1:1874)
 ERROR  [Error: Uncaught (in promise, id: 125) Error: Sesión no válida o expirada.] 

Call Stack
  client.interceptors.response.use$argument_1 (services\api.ts)
  tryCallOne (address at (InternalBytecode.js:1:1180)
  anonymous (address at (InternalBytecode.js:1:1874)
  Axios$1#request (node_modules\axios\dist\esm\axios.js)
  throw (<native>)
  asyncGeneratorStep (node_modules\@babel\runtime\helpers\asyncToGenerator.js)
  _throw (node_modules\@babel\runtime\helpers\asyncToGenerator.js)
  tryCallOne (address at (InternalBytecode.js:1:1180)
  anonymous (address at (InternalBytecode.js:1:1874)
 ERROR  [Error: Uncaught (in promise, id: 126) Error: Sesión no válida o expirada.] 

Call Stack
  client.interceptors.response.use$argument_1 (services\api.ts)
  tryCallOne (address at (InternalBytecode.js:1:1180)
  anonymous (address at (InternalBytecode.js:1:1874)
  Axios$1#request (node_modules\axios\dist\esm\axios.js)
  throw (<native>)
  asyncGeneratorStep (node_modules\@babel\runtime\helpers\asyncToGenerator.js)
  _throw (node_modules\@babel\runtime\helpers\asyncToGenerator.js)
  tryCallOne (address at (InternalBytecode.js:1:1180)
  anonymous (address at (InternalBytecode.js:1:1874)
 ERROR  [Error: Uncaught (in promise, id: 127) Error: Sesión no válida o expirada.] 

Call Stack
  client.interceptors.response.use$argument_1 (services\api.ts)
  tryCallOne (address at (InternalBytecode.js:1:1180)
  anonymous (address at (InternalBytecode.js:1:1874)
  Axios$1#request (node_modules\axios\dist\esm\axios.js)
  throw (<native>)
  asyncGeneratorStep (node_modules\@babel\runtime\helpers\asyncToGenerator.js)
  _throw (node_modules\@babel\runtime\helpers\asyncToGenerator.js)
  tryCallOne (address at (InternalBytecode.js:1:1180)
  anonymous (address at (InternalBytecode.js:1:1874)
 ERROR  [Error: Uncaught (in promise, id: 128) Error: Sesión no válida o expirada.] 

Call Stack
  client.interceptors.response.use$argument_1 (services\api.ts)
  tryCallOne (address at (InternalBytecode.js:1:1180)
  anonymous (address at (InternalBytecode.js:1:1874)
  Axios$1#request (node_modules\axios\dist\esm\axios.js)
  throw (<native>)
  asyncGeneratorStep (node_modules\@babel\runtime\helpers\asyncToGenerator.js)
  _throw (node_modules\@babel\runtime\helpers\asyncToGenerator.js)
  tryCallOne (address at (InternalBytecode.js:1:1180)
  anonymous (address at (InternalBytecode.js:1:1874)
 ERROR  [Error: Uncaught (in promise, id: 129) Error: Sesión no válida o expirada.] 

Call Stack
  client.interceptors.response.use$argument_1 (services\api.ts)
  tryCallOne (address at (InternalBytecode.js:1:1180)
  anonymous (address at (InternalBytecode.js:1:1874)
  Axios$1#request (node_modules\axios\dist\esm\axios.js)
  throw (<native>)
  asyncGeneratorStep (node_modules\@babel\runtime\helpers\asyncToGenerator.js)
  _throw (node_modules\@babel\runtime\helpers\asyncToGenerator.js)
  tryCallOne (address at (InternalBytecode.js:1:1180)
  anonymous (address at (InternalBytecode.js:1:1874)
 ERROR  [Error: Uncaught (in promise, id: 130) Error: Sesión no válida o expirada.] 

Call Stack
  client.interceptors.response.use$argument_1 (services\api.ts)
  tryCallOne (address at (InternalBytecode.js:1:1180)
  anonymous (address at (InternalBytecode.js:1:1874)
  Axios$1#request (node_modules\axios\dist\esm\axios.js)
  throw (<native>)
  asyncGeneratorStep (node_modules\@babel\runtime\helpers\asyncToGenerator.js)
  _throw (node_modules\@babel\runtime\helpers\asyncToGenerator.js)
  tryCallOne (address at (InternalBytecode.js:1:1180)
  anonymous (address at (InternalBytecode.js:1:1874)
 ERROR  [Error: Uncaught (in promise, id: 131) Error: Sesión no válida o expirada.] 

Call Stack
  client.interceptors.response.use$argument_1 (services\api.ts)
  tryCallOne (address at (InternalBytecode.js:1:1180)
  anonymous (address at (InternalBytecode.js:1:1874)
  Axios$1#request (node_modules\axios\dist\esm\axios.js)
  throw (<native>)
  asyncGeneratorStep (node_modules\@babel\runtime\helpers\asyncToGenerator.js)
  _throw (node_modules\@babel\runtime\helpers\asyncToGenerator.js)
  tryCallOne (address at (InternalBytecode.js:1:1180)
  anonymous (address at (InternalBytecode.js:1:1874)
 ERROR  [Error: Uncaught (in promise, id: 132) Error: Sesión no válida o expirada.] 

Call Stack
  client.interceptors.response.use$argument_1 (services\api.ts)
  tryCallOne (address at (InternalBytecode.js:1:1180)
  anonymous (address at (InternalBytecode.js:1:1874)
  Axios$1#request (node_modules\axios\dist\esm\axios.js)
  throw (<native>)
  asyncGeneratorStep (node_modules\@babel\runtime\helpers\asyncToGenerator.js)
  _throw (node_modules\@babel\runtime\helpers\asyncToGenerator.js)
  tryCallOne (address at (InternalBytecode.js:1:1180)
  anonymous (address at (InternalBytecode.js:1:1874)
 ERROR  [Error: Uncaught (in promise, id: 133) Error: Sesión no válida o expirada.] 

Call Stack
  client.interceptors.response.use$argument_1 (services\api.ts)
  tryCallOne (address at (InternalBytecode.js:1:1180)
  anonymous (address at (InternalBytecode.js:1:1874)
  Axios$1#request (node_modules\axios\dist\esm\axios.js)
  throw (<native>)
  asyncGeneratorStep (node_modules\@babel\runtime\helpers\asyncToGenerator.js)
  _throw (node_modules\@babel\runtime\helpers\asyncToGenerator.js)
  tryCallOne (address at (InternalBytecode.js:1:1180)
  anonymous (address at (InternalBytecode.js:1:1874)
 ERROR  [Error: Uncaught (in promise, id: 134) Error: Sesión no válida o expirada.] 

Call Stack
  client.interceptors.response.use$argument_1 (services\api.ts)
  tryCallOne (address at (InternalBytecode.js:1:1180)
  anonymous (address at (InternalBytecode.js:1:1874)
  Axios$1#request (node_modules\axios\dist\esm\axios.js)
  throw (<native>)
  asyncGeneratorStep (node_modules\@babel\runtime\helpers\asyncToGenerator.js)
  _throw (node_modules\@babel\runtime\helpers\asyncToGenerator.js)
  tryCallOne (address at (InternalBytecode.js:1:1180)
  anonymous (address at (InternalBytecode.js:1:1874)
 ERROR  [Error: Uncaught (in promise, id: 135) Error: Sesión no válida o expirada.] 

Call Stack
  client.interceptors.response.use$argument_1 (services\api.ts)
  tryCallOne (address at (InternalBytecode.js:1:1180)
  anonymous (address at (InternalBytecode.js:1:1874)
  Axios$1#request (node_modules\axios\dist\esm\axios.js)
  throw (<native>)
  asyncGeneratorStep (node_modules\@babel\runtime\helpers\asyncToGenerator.js)
  _throw (node_modules\@babel\runtime\helpers\asyncToGenerator.js)
  tryCallOne (address at (InternalBytecode.js:1:1180)
  anonymous (address at (InternalBytecode.js:1:1874)
 ERROR  [Error: Uncaught (in promise, id: 136) Error: Sesión no válida o expirada.] 

Call Stack
  client.interceptors.response.use$argument_1 (services\api.ts)
  tryCallOne (address at (InternalBytecode.js:1:1180)
  anonymous (address at (InternalBytecode.js:1:1874)
  Axios$1#request (node_modules\axios\dist\esm\axios.js)
  throw (<native>)
  asyncGeneratorStep (node_modules\@babel\runtime\helpers\asyncToGenerator.js)
  _throw (node_modules\@babel\runtime\helpers\asyncToGenerator.js)
  tryCallOne (address at (InternalBytecode.js:1:1180)
  anonymous (address at (InternalBytecode.js:1:1874)
 ERROR  [Error: Uncaught (in promise, id: 137) Error: Sesión no válida o expirada.] 

Call Stack
  client.interceptors.response.use$argument_1 (services\api.ts)
  tryCallOne (address at (InternalBytecode.js:1:1180)
  anonymous (address at (InternalBytecode.js:1:1874)
  Axios$1#request (node_modules\axios\dist\esm\axios.js)
  throw (<native>)
  asyncGeneratorStep (node_modules\@babel\runtime\helpers\asyncToGenerator.js)
  _throw (node_modules\@babel\runtime\helpers\asyncToGenerator.js)
  tryCallOne (address at (InternalBytecode.js:1:1180)
  anonymous (address at (InternalBytecode.js:1:1874)
 ERROR  [Error: Uncaught (in promise, id: 138) Error: Sesión no válida o expirada.] 

Call Stack
  client.interceptors.response.use$argument_1 (services\api.ts)
  tryCallOne (address at (InternalBytecode.js:1:1180)
  anonymous (address at (InternalBytecode.js:1:1874)
  Axios$1#request (node_modules\axios\dist\esm\axios.js)
  throw (<native>)
  asyncGeneratorStep (node_modules\@babel\runtime\helpers\asyncToGenerator.js)
  _throw (node_modules\@babel\runtime\helpers\asyncToGenerator.js)
  tryCallOne (address at (InternalBytecode.js:1:1180)
  anonymous (address at (InternalBytecode.js:1:1874)
 ERROR  [Error: Uncaught (in promise, id: 139) Error: Sesión no válida o expirada.] 

Call Stack
  client.interceptors.response.use$argument_1 (services\api.ts)
  tryCallOne (address at (InternalBytecode.js:1:1180)
  anonymous (address at (InternalBytecode.js:1:1874)
  Axios$1#request (node_modules\axios\dist\esm\axios.js)
  throw (<native>)
  asyncGeneratorStep (node_modules\@babel\runtime\helpers\asyncToGenerator.js)
  _throw (node_modules\@babel\runtime\helpers\asyncToGenerator.js)
  tryCallOne (address at (InternalBytecode.js:1:1180)
  anonymous (address at (InternalBytecode.js:1:1874)
 ERROR  [Error: Uncaught (in promise, id: 140) Error: Sesión no válida o expirada.] 

Call Stack
  client.interceptors.response.use$argument_1 (services\api.ts)
  tryCallOne (address at (InternalBytecode.js:1:1180)
  anonymous (address at (InternalBytecode.js:1:1874)
  Axios$1#request (node_modules\axios\dist\esm\axios.js)
  throw (<native>)
  asyncGeneratorStep (node_modules\@babel\runtime\helpers\asyncToGenerator.js)
  _throw (node_modules\@babel\runtime\helpers\asyncToGenerator.js)
  tryCallOne (address at (InternalBytecode.js:1:1180)
  anonymous (address at (InternalBytecode.js:1:1874)
 ERROR  [Error: Uncaught (in promise, id: 141) Error: Sesión no válida o expirada.] 

Call Stack
  client.interceptors.response.use$argument_1 (services\api.ts)
  tryCallOne (address at (InternalBytecode.js:1:1180)
  anonymous (address at (InternalBytecode.js:1:1874)
  Axios$1#request (node_modules\axios\dist\esm\axios.js)
  throw (<native>)
  asyncGeneratorStep (node_modules\@babel\runtime\helpers\asyncToGenerator.js)
  _throw (node_modules\@babel\runtime\helpers\asyncToGenerator.js)
  tryCallOne (address at (InternalBytecode.js:1:1180)
  anonymous (address at (InternalBytecode.js:1:1874)
 ERROR  [Error: Uncaught (in promise, id: 142) Error: Sesión no válida o expirada.] 

Call Stack
  client.interceptors.response.use$argument_1 (services\api.ts)
  tryCallOne (address at (InternalBytecode.js:1:1180)
  anonymous (address at (InternalBytecode.js:1:1874)
  Axios$1#request (node_modules\axios\dist\esm\axios.js)
  throw (<native>)
  asyncGeneratorStep (node_modules\@babel\runtime\helpers\asyncToGenerator.js)
  _throw (node_modules\@babel\runtime\helpers\asyncToGenerator.js)
  tryCallOne (address at (InternalBytecode.js:1:1180)
  anonymous (address at (InternalBytecode.js:1:1874)
 ERROR  [Error: Uncaught (in promise, id: 143) Error: Sesión no válida o expirada.] 

Call Stack
  client.interceptors.response.use$argument_1 (services\api.ts)
  tryCallOne (address at (InternalBytecode.js:1:1180)
  anonymous (address at (InternalBytecode.js:1:1874)
  Axios$1#request (node_modules\axios\dist\esm\axios.js)
  throw (<native>)
  asyncGeneratorStep (node_modules\@babel\runtime\helpers\asyncToGenerator.js)
  _throw (node_modules\@babel\runtime\helpers\asyncToGenerator.js)
  tryCallOne (address at (InternalBytecode.js:1:1180)
  anonymous (address at (InternalBytecode.js:1:1874)
 ERROR  [Error: Uncaught (in promise, id: 144) Error: Sesión no válida o expirada.] 

Call Stack
  client.interceptors.response.use$argument_1 (services\api.ts)
  tryCallOne (address at (InternalBytecode.js:1:1180)
  anonymous (address at (InternalBytecode.js:1:1874)
  Axios$1#request (node_modules\axios\dist\esm\axios.js)
  throw (<native>)
  asyncGeneratorStep (node_modules\@babel\runtime\helpers\asyncToGenerator.js)
  _throw (node_modules\@babel\runtime\helpers\asyncToGenerator.js)
  tryCallOne (address at (InternalBytecode.js:1:1180)
  anonymous (address at (InternalBytecode.js:1:1874)
 ERROR  [Error: Uncaught (in promise, id: 145) Error: Sesión no válida o expirada.] 

Call Stack
  client.interceptors.response.use$argument_1 (services\api.ts)
  tryCallOne (address at (InternalBytecode.js:1:1180)
  anonymous (address at (InternalBytecode.js:1:1874)
  Axios$1#request (node_modules\axios\dist\esm\axios.js)
  throw (<native>)
  asyncGeneratorStep (node_modules\@babel\runtime\helpers\asyncToGenerator.js)
  _throw (node_modules\@babel\runtime\helpers\asyncToGenerator.js)
  tryCallOne (address at (InternalBytecode.js:1:1180)
  anonymous (address at (InternalBytecode.js:1:1874)
 ERROR  [Error: Uncaught (in promise, id: 146) Error: Sesión no válida o expirada.] 

Call Stack
  client.interceptors.response.use$argument_1 (services\api.ts)
  tryCallOne (address at (InternalBytecode.js:1:1180)
  anonymous (address at (InternalBytecode.js:1:1874)
  Axios$1#request (node_modules\axios\dist\esm\axios.js)
  throw (<native>)
  asyncGeneratorStep (node_modules\@babel\runtime\helpers\asyncToGenerator.js)
  _throw (node_modules\@babel\runtime\helpers\asyncToGenerator.js)
  tryCallOne (address at (InternalBytecode.js:1:1180)
  anonymous (address at (InternalBytecode.js:1:1874)
 ERROR  [Error: Uncaught (in promise, id: 147) Error: Sesión no válida o expirada.] 

Call Stack
  client.interceptors.response.use$argument_1 (services\api.ts)
  tryCallOne (address at (InternalBytecode.js:1:1180)
  anonymous (address at (InternalBytecode.js:1:1874)
  Axios$1#request (node_modules\axios\dist\esm\axios.js)
  throw (<native>)
  asyncGeneratorStep (node_modules\@babel\runtime\helpers\asyncToGenerator.js)
  _throw (node_modules\@babel\runtime\helpers\asyncToGenerator.js)
  tryCallOne (address at (InternalBytecode.js:1:1180)
  anonymous (address at (InternalBytecode.js:1:1874)
 ERROR  [Error: Uncaught (in promise, id: 148) Error: Sesión no válida o expirada.] 

Call Stack
  client.interceptors.response.use$argument_1 (services\api.ts)
  tryCallOne (address at (InternalBytecode.js:1:1180)
  anonymous (address at (InternalBytecode.js:1:1874)
  Axios$1#request (node_modules\axios\dist\esm\axios.js)
  throw (<native>)
  asyncGeneratorStep (node_modules\@babel\runtime\helpers\asyncToGenerator.js)
  _throw (node_modules\@babel\runtime\helpers\asyncToGenerator.js)
  tryCallOne (address at (InternalBytecode.js:1:1180)
  anonymous (address at (InternalBytecode.js:1:1874)
 ERROR  [Error: Uncaught (in promise, id: 149) Error: Sesión no válida o expirada.] 

Call Stack
  client.interceptors.response.use$argument_1 (services\api.ts)
  tryCallOne (address at (InternalBytecode.js:1:1180)
  anonymous (address at (InternalBytecode.js:1:1874)
  Axios$1#request (node_modules\axios\dist\esm\axios.js)
  throw (<native>)
  asyncGeneratorStep (node_modules\@babel\runtime\helpers\asyncToGenerator.js)
  _throw (node_modules\@babel\runtime\helpers\asyncToGenerator.js)
  tryCallOne (address at (InternalBytecode.js:1:1180)
  anonymous (address at (InternalBytecode.js:1:1874)
 ERROR  [Error: Uncaught (in promise, id: 150) Error: Sesión no válida o expirada.] 

Call Stack
  client.interceptors.response.use$argument_1 (services\api.ts)
  tryCallOne (address at (InternalBytecode.js:1:1180)
  anonymous (address at (InternalBytecode.js:1:1874)
  Axios$1#request (node_modules\axios\dist\esm\axios.js)
  throw (<native>)
  asyncGeneratorStep (node_modules\@babel\runtime\helpers\asyncToGenerator.js)
  _throw (node_modules\@babel\runtime\helpers\asyncToGenerator.js)
  tryCallOne (address at (InternalBytecode.js:1:1180)
  anonymous (address at (InternalBytecode.js:1:1874)
 ERROR  [Error: Uncaught (in promise, id: 151) Error: Sesión no válida o expirada.] 

Call Stack
  client.interceptors.response.use$argument_1 (services\api.ts)
  tryCallOne (address at (InternalBytecode.js:1:1180)
  anonymous (address at (InternalBytecode.js:1:1874)
  Axios$1#request (node_modules\axios\dist\esm\axios.js)
  throw (<native>)
  asyncGeneratorStep (node_modules\@babel\runtime\helpers\asyncToGenerator.js)
  _throw (node_modules\@babel\runtime\helpers\asyncToGenerator.js)
  tryCallOne (address at (InternalBytecode.js:1:1180)
  anonymous (address at (InternalBytecode.js:1:1874)
 ERROR  [Error: Uncaught (in promise, id: 152) Error: Sesión no válida o expirada.] 

Call Stack
  client.interceptors.response.use$argument_1 (services\api.ts)
  tryCallOne (address at (InternalBytecode.js:1:1180)
  anonymous (address at (InternalBytecode.js:1:1874)
  Axios$1#request (node_modules\axios\dist\esm\axios.js)
  throw (<native>)
  asyncGeneratorStep (node_modules\@babel\runtime\helpers\asyncToGenerator.js)
  _throw (node_modules\@babel\runtime\helpers\asyncToGenerator.js)
  tryCallOne (address at (InternalBytecode.js:1:1180)
  anonymous (address at (InternalBytecode.js:1:1874)
 ERROR  [Error: Uncaught (in promise, id: 153) Error: Sesión no válida o expirada.] 

Call Stack
  client.interceptors.response.use$argument_1 (services\api.ts)
  tryCallOne (address at (InternalBytecode.js:1:1180)
  anonymous (address at (InternalBytecode.js:1:1874)
  Axios$1#request (node_modules\axios\dist\esm\axios.js)
  throw (<native>)
  asyncGeneratorStep (node_modules\@babel\runtime\helpers\asyncToGenerator.js)
  _throw (node_modules\@babel\runtime\helpers\asyncToGenerator.js)
  tryCallOne (address at (InternalBytecode.js:1:1180)
  anonymous (address at (InternalBytecode.js:1:1874)
 ERROR  [Error: Uncaught (in promise, id: 154) Error: Sesión no válida o expirada.] 

Call Stack
  client.interceptors.response.use$argument_1 (services\api.ts)
  tryCallOne (address at (InternalBytecode.js:1:1180)
  anonymous (address at (InternalBytecode.js:1:1874)
  Axios$1#request (node_modules\axios\dist\esm\axios.js)
  throw (<native>)
  asyncGeneratorStep (node_modules\@babel\runtime\helpers\asyncToGenerator.js)
  _throw (node_modules\@babel\runtime\helpers\asyncToGenerator.js)
  tryCallOne (address at (InternalBytecode.js:1:1180)
  anonymous (address at (InternalBytecode.js:1:1874)
 ERROR  [Error: Uncaught (in promise, id: 155) Error: Sesión no válida o expirada.] 

Call Stack
  client.interceptors.response.use$argument_1 (services\api.ts)
  tryCallOne (address at (InternalBytecode.js:1:1180)
  anonymous (address at (InternalBytecode.js:1:1874)
  Axios$1#request (node_modules\axios\dist\esm\axios.js)
  throw (<native>)
  asyncGeneratorStep (node_modules\@babel\runtime\helpers\asyncToGenerator.js)
  _throw (node_modules\@babel\runtime\helpers\asyncToGenerator.js)
  tryCallOne (address at (InternalBytecode.js:1:1180)
  anonymous (address at (InternalBytecode.js:1:1874)
 ERROR  [Error: Uncaught (in promise, id: 156) Error: Sesión no válida o expirada.] 

Call Stack
  client.interceptors.response.use$argument_1 (services\api.ts)
  tryCallOne (address at (InternalBytecode.js:1:1180)
  anonymous (address at (InternalBytecode.js:1:1874)
  Axios$1#request (node_modules\axios\dist\esm\axios.js)
  throw (<native>)
  asyncGeneratorStep (node_modules\@babel\runtime\helpers\asyncToGenerator.js)
  _throw (node_modules\@babel\runtime\helpers\asyncToGenerator.js)
  tryCallOne (address at (InternalBytecode.js:1:1180)
  anonymous (address at (InternalBytecode.js:1:1874)
 ERROR  [Error: Uncaught (in promise, id: 157) Error: Sesión no válida o expirada.] 

Call Stack
  client.interceptors.response.use$argument_1 (services\api.ts)
  tryCallOne (address at (InternalBytecode.js:1:1180)
  anonymous (address at (InternalBytecode.js:1:1874)
  Axios$1#request (node_modules\axios\dist\esm\axios.js)
  throw (<native>)
  asyncGeneratorStep (node_modules\@babel\runtime\helpers\asyncToGenerator.js)
  _throw (node_modules\@babel\runtime\helpers\asyncToGenerator.js)
  tryCallOne (address at (InternalBytecode.js:1:1180)
  anonymous (address at (InternalBytecode.js:1:1874)
 ERROR  [Error: Uncaught (in promise, id: 158) Error: Sesión no válida o expirada.] 

Call Stack
  client.interceptors.response.use$argument_1 (services\api.ts)
  tryCallOne (address at (InternalBytecode.js:1:1180)
  anonymous (address at (InternalBytecode.js:1:1874)
  Axios$1#request (node_modules\axios\dist\esm\axios.js)
  throw (<native>)
  asyncGeneratorStep (node_modules\@babel\runtime\helpers\asyncToGenerator.js)
  _throw (node_modules\@babel\runtime\helpers\asyncToGenerator.js)
  tryCallOne (address at (InternalBytecode.js:1:1180)
  anonymous (address at (InternalBytecode.js:1:1874)
 ERROR  [Error: Uncaught (in promise, id: 159) Error: Sesión no válida o expirada.] 

Call Stack
  client.interceptors.response.use$argument_1 (services\api.ts)
  tryCallOne (address at (InternalBytecode.js:1:1180)
  anonymous (address at (InternalBytecode.js:1:1874)
  Axios$1#request (node_modules\axios\dist\esm\axios.js)
  throw (<native>)
  asyncGeneratorStep (node_modules\@babel\runtime\helpers\asyncToGenerator.js)
  _throw (node_modules\@babel\runtime\helpers\asyncToGenerator.js)
  tryCallOne (address at (InternalBytecode.js:1:1180)
  anonymous (address at (InternalBytecode.js:1:1874)
 ERROR  [Error: Uncaught (in promise, id: 160) Error: Sesión no válida o expirada.] 

Call Stack
  client.interceptors.response.use$argument_1 (services\api.ts)
  tryCallOne (address at (InternalBytecode.js:1:1180)
  anonymous (address at (InternalBytecode.js:1:1874)
  Axios$1#request (node_modules\axios\dist\esm\axios.js)
  throw (<native>)
  asyncGeneratorStep (node_modules\@babel\runtime\helpers\asyncToGenerator.js)
  _throw (node_modules\@babel\runtime\helpers\asyncToGenerator.js)
  tryCallOne (address at (InternalBytecode.js:1:1180)
  anonymous (address at (InternalBytecode.js:1:1874)
 ERROR  [Error: Uncaught (in promise, id: 161) Error: Sesión no válida o expirada.] 

Call Stack
  client.interceptors.response.use$argument_1 (services\api.ts)
  tryCallOne (address at (InternalBytecode.js:1:1180)
  anonymous (address at (InternalBytecode.js:1:1874)
  Axios$1#request (node_modules\axios\dist\esm\axios.js)
  throw (<native>)
  asyncGeneratorStep (node_modules\@babel\runtime\helpers\asyncToGenerator.js)
  _throw (node_modules\@babel\runtime\helpers\asyncToGenerator.js)
  tryCallOne (address at (InternalBytecode.js:1:1180)
  anonymous (address at (InternalBytecode.js:1:1874)
 ERROR  [Error: Uncaught (in promise, id: 162) Error: Sesión no válida o expirada.] 

Call Stack
  client.interceptors.response.use$argument_1 (services\api.ts)
  tryCallOne (address at (InternalBytecode.js:1:1180)
  anonymous (address at (InternalBytecode.js:1:1874)
  Axios$1#request (node_modules\axios\dist\esm\axios.js)
  throw (<native>)
  asyncGeneratorStep (node_modules\@babel\runtime\helpers\asyncToGenerator.js)
  _throw (node_modules\@babel\runtime\helpers\asyncToGenerator.js)
  tryCallOne (address at (InternalBytecode.js:1:1180)
  anonymous (address at (InternalBytecode.js:1:1874)
 ERROR  [Error: Uncaught (in promise, id: 163) Error: Sesión no válida o expirada.] 

Call Stack
  client.interceptors.response.use$argument_1 (services\api.ts)
  tryCallOne (address at (InternalBytecode.js:1:1180)
  anonymous (address at (InternalBytecode.js:1:1874)
  Axios$1#request (node_modules\axios\dist\esm\axios.js)
  throw (<native>)
  asyncGeneratorStep (node_modules\@babel\runtime\helpers\asyncToGenerator.js)
  _throw (node_modules\@babel\runtime\helpers\asyncToGenerator.js)
  tryCallOne (address at (InternalBytecode.js:1:1180)
  anonymous (address at (InternalBytecode.js:1:1874)
 ERROR  [Error: Uncaught (in promise, id: 164) Error: Sesión no válida o expirada.] 

Call Stack
  client.interceptors.response.use$argument_1 (services\api.ts)
  tryCallOne (address at (InternalBytecode.js:1:1180)
  anonymous (address at (InternalBytecode.js:1:1874)
  Axios$1#request (node_modules\axios\dist\esm\axios.js)
  throw (<native>)
  asyncGeneratorStep (node_modules\@babel\runtime\helpers\asyncToGenerator.js)
  _throw (node_modules\@babel\runtime\helpers\asyncToGenerator.js)
  tryCallOne (address at (InternalBytecode.js:1:1180)
  anonymous (address at (InternalBytecode.js:1:1874)
 ERROR  [Error: Uncaught (in promise, id: 165) Error: Sesión no válida o expirada.] 

Call Stack
  client.interceptors.response.use$argument_1 (services\api.ts)
  tryCallOne (address at (InternalBytecode.js:1:1180)
  anonymous (address at (InternalBytecode.js:1:1874)
  Axios$1#request (node_modules\axios\dist\esm\axios.js)
  throw (<native>)
  asyncGeneratorStep (node_modules\@babel\runtime\helpers\asyncToGenerator.js)
  _throw (node_modules\@babel\runtime\helpers\asyncToGenerator.js)
  tryCallOne (address at (InternalBytecode.js:1:1180)
  anonymous (address at (InternalBytecode.js:1:1874)
 ERROR  [Error: Uncaught (in promise, id: 166) Error: Sesión no válida o expirada.] 

Call Stack
  client.interceptors.response.use$argument_1 (services\api.ts)
  tryCallOne (address at (InternalBytecode.js:1:1180)
  anonymous (address at (InternalBytecode.js:1:1874)
  Axios$1#request (node_modules\axios\dist\esm\axios.js)
  throw (<native>)
  asyncGeneratorStep (node_modules\@babel\runtime\helpers\asyncToGenerator.js)
  _throw (node_modules\@babel\runtime\helpers\asyncToGenerator.js)
  tryCallOne (address at (InternalBytecode.js:1:1180)
  anonymous (address at (InternalBytecode.js:1:1874)
 ERROR  [Error: Uncaught (in promise, id: 167) Error: Sesión no válida o expirada.] 

Call Stack
  client.interceptors.response.use$argument_1 (services\api.ts)
  tryCallOne (address at (InternalBytecode.js:1:1180)
  anonymous (address at (InternalBytecode.js:1:1874)
  Axios$1#request (node_modules\axios\dist\esm\axios.js)
  throw (<native>)
  asyncGeneratorStep (node_modules\@babel\runtime\helpers\asyncToGenerator.js)
  _throw (node_modules\@babel\runtime\helpers\asyncToGenerator.js)
  tryCallOne (address at (InternalBytecode.js:1:1180)
  anonymous (address at (InternalBytecode.js:1:1874)
 ERROR  [Error: Uncaught (in promise, id: 168) Error: Sesión no válida o expirada.] 

Call Stack
  client.interceptors.response.use$argument_1 (services\api.ts)
  tryCallOne (address at (InternalBytecode.js:1:1180)
  anonymous (address at (InternalBytecode.js:1:1874)
  Axios$1#request (node_modules\axios\dist\esm\axios.js)
  throw (<native>)
  asyncGeneratorStep (node_modules\@babel\runtime\helpers\asyncToGenerator.js)
  _throw (node_modules\@babel\runtime\helpers\asyncToGenerator.js)
  tryCallOne (address at (InternalBytecode.js:1:1180)
  anonymous (address at (InternalBytecode.js:1:1874)
 ERROR  [Error: Uncaught (in promise, id: 169) Error: Sesión no válida o expirada.] 

Call Stack
  client.interceptors.response.use$argument_1 (services\api.ts)
  tryCallOne (address at (InternalBytecode.js:1:1180)
  anonymous (address at (InternalBytecode.js:1:1874)
  Axios$1#request (node_modules\axios\dist\esm\axios.js)
  throw (<native>)
  asyncGeneratorStep (node_modules\@babel\runtime\helpers\asyncToGenerator.js)
  _throw (node_modules\@babel\runtime\helpers\asyncToGenerator.js)
  tryCallOne (address at (InternalBytecode.js:1:1180)
  anonymous (address at (InternalBytecode.js:1:1874)
 ERROR  [Error: Uncaught (in promise, id: 170) Error: Sesión no válida o expirada.] 

Call Stack
  client.interceptors.response.use$argument_1 (services\api.ts)
  tryCallOne (address at (InternalBytecode.js:1:1180)
  anonymous (address at (InternalBytecode.js:1:1874)
  Axios$1#request (node_modules\axios\dist\esm\axios.js)
  throw (<native>)
  asyncGeneratorStep (node_modules\@babel\runtime\helpers\asyncToGenerator.js)
  _throw (node_modules\@babel\runtime\helpers\asyncToGenerator.js)
  tryCallOne (address at (InternalBytecode.js:1:1180)
  anonymous (address at (InternalBytecode.js:1:1874)
 ERROR  [Error: Uncaught (in promise, id: 171) Error: Sesión no válida o expirada.] 

Call Stack
  client.interceptors.response.use$argument_1 (services\api.ts)
  tryCallOne (address at (InternalBytecode.js:1:1180)
  anonymous (address at (InternalBytecode.js:1:1874)
  Axios$1#request (node_modules\axios\dist\esm\axios.js)
  throw (<native>)
  asyncGeneratorStep (node_modules\@babel\runtime\helpers\asyncToGenerator.js)
  _throw (node_modules\@babel\runtime\helpers\asyncToGenerator.js)
  tryCallOne (address at (InternalBytecode.js:1:1180)
  anonymous (address at (InternalBytecode.js:1:1874)
 ERROR  [Error: Uncaught (in promise, id: 172) Error: Sesión no válida o expirada.] 

Call Stack
  client.interceptors.response.use$argument_1 (services\api.ts)
  tryCallOne (address at (InternalBytecode.js:1:1180)
  anonymous (address at (InternalBytecode.js:1:1874)
  Axios$1#request (node_modules\axios\dist\esm\axios.js)
  throw (<native>)
  asyncGeneratorStep (node_modules\@babel\runtime\helpers\asyncToGenerator.js)
  _throw (node_modules\@babel\runtime\helpers\asyncToGenerator.js)
  tryCallOne (address at (InternalBytecode.js:1:1180)
  anonymous (address at (InternalBytecode.js:1:1874)
 ERROR  [Error: Uncaught (in promise, id: 173) Error: Sesión no válida o expirada.] 

Call Stack
  client.interceptors.response.use$argument_1 (services\api.ts)
  tryCallOne (address at (InternalBytecode.js:1:1180)
  anonymous (address at (InternalBytecode.js:1:1874)
  Axios$1#request (node_modules\axios\dist\esm\axios.js)
  throw (<native>)
  asyncGeneratorStep (node_modules\@babel\runtime\helpers\asyncToGenerator.js)
  _throw (node_modules\@babel\runtime\helpers\asyncToGenerator.js)
  tryCallOne (address at (InternalBytecode.js:1:1180)
  anonymous (address at (InternalBytecode.js:1:1874)
 ERROR  [Error: Uncaught (in promise, id: 174) Error: Sesión no válida o expirada.] 

Call Stack
  client.interceptors.response.use$argument_1 (services\api.ts)
  tryCallOne (address at (InternalBytecode.js:1:1180)
  anonymous (address at (InternalBytecode.js:1:1874)
  Axios$1#request (node_modules\axios\dist\esm\axios.js)
  throw (<native>)
  asyncGeneratorStep (node_modules\@babel\runtime\helpers\asyncToGenerator.js)
  _throw (node_modules\@babel\runtime\helpers\asyncToGenerator.js)
  tryCallOne (address at (InternalBytecode.js:1:1180)
  anonymous (address at (InternalBytecode.js:1:1874)
 ERROR  [Error: Uncaught (in promise, id: 175) Error: Sesión no válida o expirada.] 

Call Stack
  client.interceptors.response.use$argument_1 (services\api.ts)
  tryCallOne (address at (InternalBytecode.js:1:1180)
  anonymous (address at (InternalBytecode.js:1:1874)
  Axios$1#request (node_modules\axios\dist\esm\axios.js)
  throw (<native>)
  asyncGeneratorStep (node_modules\@babel\runtime\helpers\asyncToGenerator.js)
  _throw (node_modules\@babel\runtime\helpers\asyncToGenerator.js)
  tryCallOne (address at (InternalBytecode.js:1:1180)
  anonymous (address at (InternalBytecode.js:1:1874)
 ERROR  [Error: Uncaught (in promise, id: 176) Error: Sesión no válida o expirada.] 

Call Stack
  client.interceptors.response.use$argument_1 (services\api.ts)
  tryCallOne (address at (InternalBytecode.js:1:1180)
  anonymous (address at (InternalBytecode.js:1:1874)
  Axios$1#request (node_modules\axios\dist\esm\axios.js)
  throw (<native>)
  asyncGeneratorStep (node_modules\@babel\runtime\helpers\asyncToGenerator.js)
  _throw (node_modules\@babel\runtime\helpers\asyncToGenerator.js)
  tryCallOne (address at (InternalBytecode.js:1:1180)
  anonymous (address at (InternalBytecode.js:1:1874)
 ERROR  [Error: Uncaught (in promise, id: 177) Error: Sesión no válida o expirada.] 

Call Stack
  client.interceptors.response.use$argument_1 (services\api.ts)
  tryCallOne (address at (InternalBytecode.js:1:1180)
  anonymous (address at (InternalBytecode.js:1:1874)
  Axios$1#request (node_modules\axios\dist\esm\axios.js)
  throw (<native>)
  asyncGeneratorStep (node_modules\@babel\runtime\helpers\asyncToGenerator.js)
  _throw (node_modules\@babel\runtime\helpers\asyncToGenerator.js)
  tryCallOne (address at (InternalBytecode.js:1:1180)
  anonymous (address at (InternalBytecode.js:1:1874)
 ERROR  [Error: Uncaught (in promise, id: 178) Error: Sesión no válida o expirada.] 

Call Stack
  client.interceptors.response.use$argument_1 (services\api.ts)
  tryCallOne (address at (InternalBytecode.js:1:1180)
  anonymous (address at (InternalBytecode.js:1:1874)
  Axios$1#request (node_modules\axios\dist\esm\axios.js)
  throw (<native>)
  asyncGeneratorStep (node_modules\@babel\runtime\helpers\asyncToGenerator.js)
  _throw (node_modules\@babel\runtime\helpers\asyncToGenerator.js)
  tryCallOne (address at (InternalBytecode.js:1:1180)
  anonymous (address at (InternalBytecode.js:1:1874)
 ERROR  [Error: Uncaught (in promise, id: 179) Error: Sesión no válida o expirada.] 

Call Stack
  client.interceptors.response.use$argument_1 (services\api.ts)
  tryCallOne (address at (InternalBytecode.js:1:1180)
  anonymous (address at (InternalBytecode.js:1:1874)
  Axios$1#request (node_modules\axios\dist\esm\axios.js)
  throw (<native>)
  asyncGeneratorStep (node_modules\@babel\runtime\helpers\asyncToGenerator.js)
  _throw (node_modules\@babel\runtime\helpers\asyncToGenerator.js)
  tryCallOne (address at (InternalBytecode.js:1:1180)
  anonymous (address at (InternalBytecode.js:1:1874)
 ERROR  [Error: Uncaught (in promise, id: 180) Error: Sesión no válida o expirada.] 

Call Stack
  client.interceptors.response.use$argument_1 (services\api.ts)
  tryCallOne (address at (InternalBytecode.js:1:1180)
  anonymous (address at (InternalBytecode.js:1:1874)
  Axios$1#request (node_modules\axios\dist\esm\axios.js)
  throw (<native>)
  asyncGeneratorStep (node_modules\@babel\runtime\helpers\asyncToGenerator.js)
  _throw (node_modules\@babel\runtime\helpers\asyncToGenerator.js)
  tryCallOne (address at (InternalBytecode.js:1:1180)
  anonymous (address at (InternalBytecode.js:1:1874)
 ERROR  [Error: Uncaught (in promise, id: 181) Error: Sesión no válida o expirada.] 

Call Stack
  client.interceptors.response.use$argument_1 (services\api.ts)
  tryCallOne (address at (InternalBytecode.js:1:1180)
  anonymous (address at (InternalBytecode.js:1:1874)
  Axios$1#request (node_modules\axios\dist\esm\axios.js)
  throw (<native>)
  asyncGeneratorStep (node_modules\@babel\runtime\helpers\asyncToGenerator.js)
  _throw (node_modules\@babel\runtime\helpers\asyncToGenerator.js)
  tryCallOne (address at (InternalBytecode.js:1:1180)
  anonymous (address at (InternalBytecode.js:1:1874)
 ERROR  [Error: Uncaught (in promise, id: 182) Error: Sesión no válida o expirada.] 

Call Stack
  client.interceptors.response.use$argument_1 (services\api.ts)
  tryCallOne (address at (InternalBytecode.js:1:1180)
  anonymous (address at (InternalBytecode.js:1:1874)
  Axios$1#request (node_modules\axios\dist\esm\axios.js)
  throw (<native>)
  asyncGeneratorStep (node_modules\@babel\runtime\helpers\asyncToGenerator.js)
  _throw (node_modules\@babel\runtime\helpers\asyncToGenerator.js)
  tryCallOne (address at (InternalBytecode.js:1:1180)
  anonymous (address at (InternalBytecode.js:1:1874)
 ERROR  [Error: Uncaught (in promise, id: 183) Error: Sesión no válida o expirada.] 

Call Stack
  client.interceptors.response.use$argument_1 (services\api.ts)
  tryCallOne (address at (InternalBytecode.js:1:1180)
  anonymous (address at (InternalBytecode.js:1:1874)
  Axios$1#request (node_modules\axios\dist\esm\axios.js)
  throw (<native>)
  asyncGeneratorStep (node_modules\@babel\runtime\helpers\asyncToGenerator.js)
  _throw (node_modules\@babel\runtime\helpers\asyncToGenerator.js)
  tryCallOne (address at (InternalBytecode.js:1:1180)
  anonymous (address at (InternalBytecode.js:1:1874)
 ERROR  [Error: Uncaught (in promise, id: 184) Error: Sesión no válida o expirada.] 

Call Stack
  client.interceptors.response.use$argument_1 (services\api.ts)
  tryCallOne (address at (InternalBytecode.js:1:1180)
  anonymous (address at (InternalBytecode.js:1:1874)
  Axios$1#request (node_modules\axios\dist\esm\axios.js)
  throw (<native>)
  asyncGeneratorStep (node_modules\@babel\runtime\helpers\asyncToGenerator.js)
  _throw (node_modules\@babel\runtime\helpers\asyncToGenerator.js)
  tryCallOne (address at (InternalBytecode.js:1:1180)
  anonymous (address at (InternalBytecode.js:1:1874)
 ERROR  [Error: Uncaught (in promise, id: 185) Error: Sesión no válida o expirada.] 

Call Stack
  client.interceptors.response.use$argument_1 (services\api.ts)
  tryCallOne (address at (InternalBytecode.js:1:1180)
  anonymous (address at (InternalBytecode.js:1:1874)
  Axios$1#request (node_modules\axios\dist\esm\axios.js)
  throw (<native>)
  asyncGeneratorStep (node_modules\@babel\runtime\helpers\asyncToGenerator.js)
  _throw (node_modules\@babel\runtime\helpers\asyncToGenerator.js)
  tryCallOne (address at (InternalBytecode.js:1:1180)
  anonymous (address at (InternalBytecode.js:1:1874)
 ERROR  [Error: Uncaught (in promise, id: 186) Error: Sesión no válida o expirada.] 

Call Stack
  client.interceptors.response.use$argument_1 (services\api.ts)
  tryCallOne (address at (InternalBytecode.js:1:1180)
  anonymous (address at (InternalBytecode.js:1:1874)
  Axios$1#request (node_modules\axios\dist\esm\axios.js)
  throw (<native>)
  asyncGeneratorStep (node_modules\@babel\runtime\helpers\asyncToGenerator.js)
  _throw (node_modules\@babel\runtime\helpers\asyncToGenerator.js)
  tryCallOne (address at (InternalBytecode.js:1:1180)
  anonymous (address at (InternalBytecode.js:1:1874)
 ERROR  [Error: Uncaught (in promise, id: 187) Error: Sesión no válida o expirada.] 

Call Stack
  client.interceptors.response.use$argument_1 (services\api.ts)
  tryCallOne (address at (InternalBytecode.js:1:1180)
  anonymous (address at (InternalBytecode.js:1:1874)
  Axios$1#request (node_modules\axios\dist\esm\axios.js)
  throw (<native>)
  asyncGeneratorStep (node_modules\@babel\runtime\helpers\asyncToGenerator.js)
  _throw (node_modules\@babel\runtime\helpers\asyncToGenerator.js)
  tryCallOne (address at (InternalBytecode.js:1:1180)
  anonymous (address at (InternalBytecode.js:1:1874)
 ERROR  [Error: Uncaught (in promise, id: 188) Error: Sesión no válida o expirada.] 

Call Stack
  client.interceptors.response.use$argument_1 (services\api.ts)
  tryCallOne (address at (InternalBytecode.js:1:1180)
  anonymous (address at (InternalBytecode.js:1:1874)
  Axios$1#request (node_modules\axios\dist\esm\axios.js)
  throw (<native>)
  asyncGeneratorStep (node_modules\@babel\runtime\helpers\asyncToGenerator.js)
  _throw (node_modules\@babel\runtime\helpers\asyncToGenerator.js)
  tryCallOne (address at (InternalBytecode.js:1:1180)
  anonymous (address at (InternalBytecode.js:1:1874)
 ERROR  [Error: Uncaught (in promise, id: 189) Error: Sesión no válida o expirada.] 

Call Stack
  client.interceptors.response.use$argument_1 (services\api.ts)
  tryCallOne (address at (InternalBytecode.js:1:1180)
  anonymous (address at (InternalBytecode.js:1:1874)
  Axios$1#request (node_modules\axios\dist\esm\axios.js)
  throw (<native>)
  asyncGeneratorStep (node_modules\@babel\runtime\helpers\asyncToGenerator.js)
  _throw (node_modules\@babel\runtime\helpers\asyncToGenerator.js)
  tryCallOne (address at (InternalBytecode.js:1:1180)
  anonymous (address at (InternalBytecode.js:1:1874)
 ERROR  [Error: Uncaught (in promise, id: 190) Error: Sesión no válida o expirada.] 

Call Stack
  client.interceptors.response.use$argument_1 (services\api.ts)
  tryCallOne (address at (InternalBytecode.js:1:1180)
  anonymous (address at (InternalBytecode.js:1:1874)
  Axios$1#request (node_modules\axios\dist\esm\axios.js)
  throw (<native>)
  asyncGeneratorStep (node_modules\@babel\runtime\helpers\asyncToGenerator.js)
  _throw (node_modules\@babel\runtime\helpers\asyncToGenerator.js)
  tryCallOne (address at (InternalBytecode.js:1:1180)
  anonymous (address at (InternalBytecode.js:1:1874)
 ERROR  [Error: Uncaught (in promise, id: 191) Error: Sesión no válida o expirada.] 

Call Stack
  client.interceptors.response.use$argument_1 (services\api.ts)
  tryCallOne (address at (InternalBytecode.js:1:1180)
  anonymous (address at (InternalBytecode.js:1:1874)
  Axios$1#request (node_modules\axios\dist\esm\axios.js)
  throw (<native>)
  asyncGeneratorStep (node_modules\@babel\runtime\helpers\asyncToGenerator.js)
  _throw (node_modules\@babel\runtime\helpers\asyncToGenerator.js)
  tryCallOne (address at (InternalBytecode.js:1:1180)
  anonymous (address at (InternalBytecode.js:1:1874)
 ERROR  [Error: Uncaught (in promise, id: 192) Error: Sesión no válida o expirada.] 

Call Stack
  client.interceptors.response.use$argument_1 (services\api.ts)
  tryCallOne (address at (InternalBytecode.js:1:1180)
  anonymous (address at (InternalBytecode.js:1:1874)
  Axios$1#request (node_modules\axios\dist\esm\axios.js)
  throw (<native>)
  asyncGeneratorStep (node_modules\@babel\runtime\helpers\asyncToGenerator.js)
  _throw (node_modules\@babel\runtime\helpers\asyncToGenerator.js)
  tryCallOne (address at (InternalBytecode.js:1:1180)
  anonymous (address at (InternalBytecode.js:1:1874)
 ERROR  [Error: Uncaught (in promise, id: 193) Error: Sesión no válida o expirada.] 

Call Stack
  client.interceptors.response.use$argument_1 (services\api.ts)
  tryCallOne (address at (InternalBytecode.js:1:1180)
  anonymous (address at (InternalBytecode.js:1:1874)
  Axios$1#request (node_modules\axios\dist\esm\axios.js)
  throw (<native>)
  asyncGeneratorStep (node_modules\@babel\runtime\helpers\asyncToGenerator.js)
  _throw (node_modules\@babel\runtime\helpers\asyncToGenerator.js)
  tryCallOne (address at (InternalBytecode.js:1:1180)
  anonymous (address at (InternalBytecode.js:1:1874)
 ERROR  [Error: Uncaught (in promise, id: 194) Error: Sesión no válida o expirada.] 

Call Stack
  client.interceptors.response.use$argument_1 (services\api.ts)
  tryCallOne (address at (InternalBytecode.js:1:1180)
  anonymous (address at (InternalBytecode.js:1:1874)
  Axios$1#request (node_modules\axios\dist\esm\axios.js)
  throw (<native>)
  asyncGeneratorStep (node_modules\@babel\runtime\helpers\asyncToGenerator.js)
  _throw (node_modules\@babel\runtime\helpers\asyncToGenerator.js)
  tryCallOne (address at (InternalBytecode.js:1:1180)
  anonymous (address at (InternalBytecode.js:1:1874)
 ERROR  [Error: Uncaught (in promise, id: 195) Error: Sesión no válida o expirada.] 

Call Stack
  client.interceptors.response.use$argument_1 (services\api.ts)
  tryCallOne (address at (InternalBytecode.js:1:1180)
  anonymous (address at (InternalBytecode.js:1:1874)
  Axios$1#request (node_modules\axios\dist\esm\axios.js)
  throw (<native>)
  asyncGeneratorStep (node_modules\@babel\runtime\helpers\asyncToGenerator.js)
  _throw (node_modules\@babel\runtime\helpers\asyncToGenerator.js)
  tryCallOne (address at (InternalBytecode.js:1:1180)
  anonymous (address at (InternalBytecode.js:1:1874)
 ERROR  [Error: Uncaught (in promise, id: 196) Error: Sesión no válida o expirada.] 

Call Stack
  client.interceptors.response.use$argument_1 (services\api.ts)
  tryCallOne (address at (InternalBytecode.js:1:1180)
  anonymous (address at (InternalBytecode.js:1:1874)
  Axios$1#request (node_modules\axios\dist\esm\axios.js)
  throw (<native>)
  asyncGeneratorStep (node_modules\@babel\runtime\helpers\asyncToGenerator.js)
  _throw (node_modules\@babel\runtime\helpers\asyncToGenerator.js)
  tryCallOne (address at (InternalBytecode.js:1:1180)
  anonymous (address at (InternalBytecode.js:1:1874)
 ERROR  [Error: Uncaught (in promise, id: 197) Error: Sesión no válida o expirada.] 

Call Stack
  client.interceptors.response.use$argument_1 (services\api.ts)
  tryCallOne (address at (InternalBytecode.js:1:1180)
  anonymous (address at (InternalBytecode.js:1:1874)
  Axios$1#request (node_modules\axios\dist\esm\axios.js)
  throw (<native>)
  asyncGeneratorStep (node_modules\@babel\runtime\helpers\asyncToGenerator.js)
  _throw (node_modules\@babel\runtime\helpers\asyncToGenerator.js)
  tryCallOne (address at (InternalBytecode.js:1:1180)
  anonymous (address at (InternalBytecode.js:1:1874)
 ERROR  [Error: Uncaught (in promise, id: 198) Error: Sesión no válida o expirada.] 

Call Stack
  client.interceptors.response.use$argument_1 (services\api.ts)
  tryCallOne (address at (InternalBytecode.js:1:1180)
  anonymous (address at (InternalBytecode.js:1:1874)
  Axios$1#request (node_modules\axios\dist\esm\axios.js)
  throw (<native>)
  asyncGeneratorStep (node_modules\@babel\runtime\helpers\asyncToGenerator.js)
  _throw (node_modules\@babel\runtime\helpers\asyncToGenerator.js)
  tryCallOne (address at (InternalBytecode.js:1:1180)
  anonymous (address at (InternalBytecode.js:1:1874)
 ERROR  [Error: Uncaught (in promise, id: 199) Error: Sesión no válida o expirada.] 

Call Stack
  client.interceptors.response.use$argument_1 (services\api.ts)
  tryCallOne (address at (InternalBytecode.js:1:1180)
  anonymous (address at (InternalBytecode.js:1:1874)
  Axios$1#request (node_modules\axios\dist\esm\axios.js)
  throw (<native>)
  asyncGeneratorStep (node_modules\@babel\runtime\helpers\asyncToGenerator.js)
  _throw (node_modules\@babel\runtime\helpers\asyncToGenerator.js)
  tryCallOne (address at (InternalBytecode.js:1:1180)
  anonymous (address at (InternalBytecode.js:1:1874)
 ERROR  [Error: Uncaught (in promise, id: 200) Error: Sesión no válida o expirada.] 

Call Stack
  client.interceptors.response.use$argument_1 (services\api.ts)
  tryCallOne (address at (InternalBytecode.js:1:1180)
  anonymous (address at (InternalBytecode.js:1:1874)
  Axios$1#request (node_modules\axios\dist\esm\axios.js)
  throw (<native>)
  asyncGeneratorStep (node_modules\@babel\runtime\helpers\asyncToGenerator.js)
  _throw (node_modules\@babel\runtime\helpers\asyncToGenerator.js)
  tryCallOne (address at (InternalBytecode.js:1:1180)
  anonymous (address at (InternalBytecode.js:1:1874)
 ERROR  [Error: Uncaught (in promise, id: 201) Error: Sesión no válida o expirada.] 

Call Stack
  client.interceptors.response.use$argument_1 (services\api.ts)
  tryCallOne (address at (InternalBytecode.js:1:1180)
  anonymous (address at (InternalBytecode.js:1:1874)
  Axios$1#request (node_modules\axios\dist\esm\axios.js)
  throw (<native>)
  asyncGeneratorStep (node_modules\@babel\runtime\helpers\asyncToGenerator.js)
  _throw (node_modules\@babel\runtime\helpers\asyncToGenerator.js)
  tryCallOne (address at (InternalBytecode.js:1:1180)
  anonymous (address at (InternalBytecode.js:1:1874)
 ERROR  [Error: Uncaught (in promise, id: 202) Error: Sesión no válida o expirada.] 

Call Stack
  client.interceptors.response.use$argument_1 (services\api.ts)
  tryCallOne (address at (InternalBytecode.js:1:1180)
  anonymous (address at (InternalBytecode.js:1:1874)
  Axios$1#request (node_modules\axios\dist\esm\axios.js)
  throw (<native>)
  asyncGeneratorStep (node_modules\@babel\runtime\helpers\asyncToGenerator.js)
  _throw (node_modules\@babel\runtime\helpers\asyncToGenerator.js)
  tryCallOne (address at (InternalBytecode.js:1:1180)
  anonymous (address at (InternalBytecode.js:1:1874)
 ERROR  [Error: Uncaught (in promise, id: 203) Error: Sesión no válida o expirada.] 

Call Stack
  client.interceptors.response.use$argument_1 (services\api.ts)
  tryCallOne (address at (InternalBytecode.js:1:1180)
  anonymous (address at (InternalBytecode.js:1:1874)
  Axios$1#request (node_modules\axios\dist\esm\axios.js)
  throw (<native>)
  asyncGeneratorStep (node_modules\@babel\runtime\helpers\asyncToGenerator.js)
  _throw (node_modules\@babel\runtime\helpers\asyncToGenerator.js)
  tryCallOne (address at (InternalBytecode.js:1:1180)
  anonymous (address at (InternalBytecode.js:1:1874)
 ERROR  [Error: Uncaught (in promise, id: 204) Error: Sesión no válida o expirada.] 

Call Stack
  client.interceptors.response.use$argument_1 (services\api.ts)
  tryCallOne (address at (InternalBytecode.js:1:1180)
  anonymous (address at (InternalBytecode.js:1:1874)
  Axios$1#request (node_modules\axios\dist\esm\axios.js)
  throw (<native>)
  asyncGeneratorStep (node_modules\@babel\runtime\helpers\asyncToGenerator.js)
  _throw (node_modules\@babel\runtime\helpers\asyncToGenerator.js)
  tryCallOne (address at (InternalBytecode.js:1:1180)
  anonymous (address at (InternalBytecode.js:1:1874)
 ERROR  [Error: Uncaught (in promise, id: 205) Error: Sesión no válida o expirada.] 

Call Stack
  client.interceptors.response.use$argument_1 (services\api.ts)
  tryCallOne (address at (InternalBytecode.js:1:1180)
  anonymous (address at (InternalBytecode.js:1:1874)
  Axios$1#request (node_modules\axios\dist\esm\axios.js)
  throw (<native>)
  asyncGeneratorStep (node_modules\@babel\runtime\helpers\asyncToGenerator.js)
  _throw (node_modules\@babel\runtime\helpers\asyncToGenerator.js)
  tryCallOne (address at (InternalBytecode.js:1:1180)
  anonymous (address at (InternalBytecode.js:1:1874)
 ERROR  [Error: Uncaught (in promise, id: 206) Error: Sesión no válida o expirada.] 

Call Stack
  client.interceptors.response.use$argument_1 (services\api.ts)
  tryCallOne (address at (InternalBytecode.js:1:1180)
  anonymous (address at (InternalBytecode.js:1:1874)
  Axios$1#request (node_modules\axios\dist\esm\axios.js)
  throw (<native>)
  asyncGeneratorStep (node_modules\@babel\runtime\helpers\asyncToGenerator.js)
  _throw (node_modules\@babel\runtime\helpers\asyncToGenerator.js)
  tryCallOne (address at (InternalBytecode.js:1:1180)
  anonymous (address at (InternalBytecode.js:1:1874)
 ERROR  [Error: Uncaught (in promise, id: 207) Error: Sesión no válida o expirada.] 

Call Stack
  client.interceptors.response.use$argument_1 (services\api.ts)
  tryCallOne (address at (InternalBytecode.js:1:1180)
  anonymous (address at (InternalBytecode.js:1:1874)
  Axios$1#request (node_modules\axios\dist\esm\axios.js)
  throw (<native>)
  asyncGeneratorStep (node_modules\@babel\runtime\helpers\asyncToGenerator.js)
  _throw (node_modules\@babel\runtime\helpers\asyncToGenerator.js)
  tryCallOne (address at (InternalBytecode.js:1:1180)
  anonymous (address at (InternalBytecode.js:1:1874)
 ERROR  [Error: Uncaught (in promise, id: 208) Error: Sesión no válida o expirada.] 

Call Stack
  client.interceptors.response.use$argument_1 (services\api.ts)
  tryCallOne (address at (InternalBytecode.js:1:1180)
  anonymous (address at (InternalBytecode.js:1:1874)
  Axios$1#request (node_modules\axios\dist\esm\axios.js)
  throw (<native>)
  asyncGeneratorStep (node_modules\@babel\runtime\helpers\asyncToGenerator.js)
  _throw (node_modules\@babel\runtime\helpers\asyncToGenerator.js)
  tryCallOne (address at (InternalBytecode.js:1:1180)
  anonymous (address at (InternalBytecode.js:1:1874)
 ERROR  [Error: Uncaught (in promise, id: 209) Error: Sesión no válida o expirada.] 

Call Stack
  client.interceptors.response.use$argument_1 (services\api.ts)
  tryCallOne (address at (InternalBytecode.js:1:1180)
  anonymous (address at (InternalBytecode.js:1:1874)
  Axios$1#request (node_modules\axios\dist\esm\axios.js)
  throw (<native>)
  asyncGeneratorStep (node_modules\@babel\runtime\helpers\asyncToGenerator.js)
  _throw (node_modules\@babel\runtime\helpers\asyncToGenerator.js)
  tryCallOne (address at (InternalBytecode.js:1:1180)
  anonymous (address at (InternalBytecode.js:1:1874)
 ERROR  [Error: Uncaught (in promise, id: 210) Error: Sesión no válida o expirada.] 

Call Stack
  client.interceptors.response.use$argument_1 (services\api.ts)
  tryCallOne (address at (InternalBytecode.js:1:1180)
  anonymous (address at (InternalBytecode.js:1:1874)
  Axios$1#request (node_modules\axios\dist\esm\axios.js)
  throw (<native>)
  asyncGeneratorStep (node_modules\@babel\runtime\helpers\asyncToGenerator.js)
  _throw (node_modules\@babel\runtime\helpers\asyncToGenerator.js)
  tryCallOne (address at (InternalBytecode.js:1:1180)
  anonymous (address at (InternalBytecode.js:1:1874)
 ERROR  [Error: Uncaught (in promise, id: 211) Error: Sesión no válida o expirada.] 

Call Stack
  client.interceptors.response.use$argument_1 (services\api.ts)
  tryCallOne (address at (InternalBytecode.js:1:1180)
  anonymous (address at (InternalBytecode.js:1:1874)
  Axios$1#request (node_modules\axios\dist\esm\axios.js)
  throw (<native>)
  asyncGeneratorStep (node_modules\@babel\runtime\helpers\asyncToGenerator.js)
  _throw (node_modules\@babel\runtime\helpers\asyncToGenerator.js)
  tryCallOne (address at (InternalBytecode.js:1:1180)
  anonymous (address at (InternalBytecode.js:1:1874)
 ERROR  [Error: Uncaught (in promise, id: 212) Error: Sesión no válida o expirada.] 

Call Stack
  client.interceptors.response.use$argument_1 (services\api.ts)
  tryCallOne (address at (InternalBytecode.js:1:1180)
  anonymous (address at (InternalBytecode.js:1:1874)
  Axios$1#request (node_modules\axios\dist\esm\axios.js)
  throw (<native>)
  asyncGeneratorStep (node_modules\@babel\runtime\helpers\asyncToGenerator.js)
  _throw (node_modules\@babel\runtime\helpers\asyncToGenerator.js)
  tryCallOne (address at (InternalBytecode.js:1:1180)
  anonymous (address at (InternalBytecode.js:1:1874)
 ERROR  [Error: Uncaught (in promise, id: 213) Error: Sesión no válida o expirada.] 

Call Stack
  client.interceptors.response.use$argument_1 (services\api.ts)
  tryCallOne (address at (InternalBytecode.js:1:1180)
  anonymous (address at (InternalBytecode.js:1:1874)
  Axios$1#request (node_modules\axios\dist\esm\axios.js)
  throw (<native>)
  asyncGeneratorStep (node_modules\@babel\runtime\helpers\asyncToGenerator.js)
  _throw (node_modules\@babel\runtime\helpers\asyncToGenerator.js)
  tryCallOne (address at (InternalBytecode.js:1:1180)
  anonymous (address at (InternalBytecode.js:1:1874)
 ERROR  [Error: Uncaught (in promise, id: 214) Error: Sesión no válida o expirada.] 

Call Stack
  client.interceptors.response.use$argument_1 (services\api.ts)
  tryCallOne (address at (InternalBytecode.js:1:1180)
  anonymous (address at (InternalBytecode.js:1:1874)
  Axios$1#request (node_modules\axios\dist\esm\axios.js)
  throw (<native>)
  asyncGeneratorStep (node_modules\@babel\runtime\helpers\asyncToGenerator.js)
  _throw (node_modules\@babel\runtime\helpers\asyncToGenerator.js)
  tryCallOne (address at (InternalBytecode.js:1:1180)
  anonymous (address at (InternalBytecode.js:1:1874)
 ERROR  [Error: Uncaught (in promise, id: 215) Error: Sesión no válida o expirada.] 

Call Stack
  client.interceptors.response.use$argument_1 (services\api.ts)
  tryCallOne (address at (InternalBytecode.js:1:1180)
  anonymous (address at (InternalBytecode.js:1:1874)
  Axios$1#request (node_modules\axios\dist\esm\axios.js)
  throw (<native>)
  asyncGeneratorStep (node_modules\@babel\runtime\helpers\asyncToGenerator.js)
  _throw (node_modules\@babel\runtime\helpers\asyncToGenerator.js)
  tryCallOne (address at (InternalBytecode.js:1:1180)
  anonymous (address at (InternalBytecode.js:1:1874)
 ERROR  [Error: Uncaught (in promise, id: 216) Error: Sesión no válida o expirada.] 

Call Stack
  client.interceptors.response.use$argument_1 (services\api.ts)
  tryCallOne (address at (InternalBytecode.js:1:1180)
  anonymous (address at (InternalBytecode.js:1:1874)
  Axios$1#request (node_modules\axios\dist\esm\axios.js)
  throw (<native>)
  asyncGeneratorStep (node_modules\@babel\runtime\helpers\asyncToGenerator.js)
  _throw (node_modules\@babel\runtime\helpers\asyncToGenerator.js)
  tryCallOne (address at (InternalBytecode.js:1:1180)
  anonymous (address at (InternalBytecode.js:1:1874)
 ERROR  [Error: Uncaught (in promise, id: 217) Error: Sesión no válida o expirada.] 

Call Stack
  client.interceptors.response.use$argument_1 (services\api.ts)
  tryCallOne (address at (InternalBytecode.js:1:1180)
  anonymous (address at (InternalBytecode.js:1:1874)
  Axios$1#request (node_modules\axios\dist\esm\axios.js)
  throw (<native>)
  asyncGeneratorStep (node_modules\@babel\runtime\helpers\asyncToGenerator.js)
  _throw (node_modules\@babel\runtime\helpers\asyncToGenerator.js)
  tryCallOne (address at (InternalBytecode.js:1:1180)
  anonymous (address at (InternalBytecode.js:1:1874)
 ERROR  [Error: Uncaught (in promise, id: 218) Error: Sesión no válida o expirada.] 

Call Stack
  client.interceptors.response.use$argument_1 (services\api.ts)
  tryCallOne (address at (InternalBytecode.js:1:1180)
  anonymous (address at (InternalBytecode.js:1:1874)
  Axios$1#request (node_modules\axios\dist\esm\axios.js)
  throw (<native>)
  asyncGeneratorStep (node_modules\@babel\runtime\helpers\asyncToGenerator.js)
  _throw (node_modules\@babel\runtime\helpers\asyncToGenerator.js)
  tryCallOne (address at (InternalBytecode.js:1:1180)
  anonymous (address at (InternalBytecode.js:1:1874)
 ERROR  [Error: Uncaught (in promise, id: 219) Error: Sesión no válida o expirada.] 

Call Stack
  client.interceptors.response.use$argument_1 (services\api.ts)
  tryCallOne (address at (InternalBytecode.js:1:1180)
  anonymous (address at (InternalBytecode.js:1:1874)
  Axios$1#request (node_modules\axios\dist\esm\axios.js)
  throw (<native>)
  asyncGeneratorStep (node_modules\@babel\runtime\helpers\asyncToGenerator.js)
  _throw (node_modules\@babel\runtime\helpers\asyncToGenerator.js)
  tryCallOne (address at (InternalBytecode.js:1:1180)
  anonymous (address at (InternalBytecode.js:1:1874)
 ERROR  [Error: Uncaught (in promise, id: 220) Error: Sesión no válida o expirada.] 

Call Stack
  client.interceptors.response.use$argument_1 (services\api.ts)
  tryCallOne (address at (InternalBytecode.js:1:1180)
  anonymous (address at (InternalBytecode.js:1:1874)
  Axios$1#request (node_modules\axios\dist\esm\axios.js)
  throw (<native>)
  asyncGeneratorStep (node_modules\@babel\runtime\helpers\asyncToGenerator.js)
  _throw (node_modules\@babel\runtime\helpers\asyncToGenerator.js)
  tryCallOne (address at (InternalBytecode.js:1:1180)
  anonymous (address at (InternalBytecode.js:1:1874)
 ERROR  [Error: Uncaught (in promise, id: 221) Error: Sesión no válida o expirada.] 

Call Stack
  client.interceptors.response.use$argument_1 (services\api.ts)
  tryCallOne (address at (InternalBytecode.js:1:1180)
  anonymous (address at (InternalBytecode.js:1:1874)
  Axios$1#request (node_modules\axios\dist\esm\axios.js)
  throw (<native>)
  asyncGeneratorStep (node_modules\@babel\runtime\helpers\asyncToGenerator.js)
  _throw (node_modules\@babel\runtime\helpers\asyncToGenerator.js)
  tryCallOne (address at (InternalBytecode.js:1:1180)
  anonymous (address at (InternalBytecode.js:1:1874)
 ERROR  [Error: Uncaught (in promise, id: 222) Error: Sesión no válida o expirada.] 

Call Stack
  client.interceptors.response.use$argument_1 (services\api.ts)
  tryCallOne (address at (InternalBytecode.js:1:1180)
  anonymous (address at (InternalBytecode.js:1:1874)
  Axios$1#request (node_modules\axios\dist\esm\axios.js)
  throw (<native>)
  asyncGeneratorStep (node_modules\@babel\runtime\helpers\asyncToGenerator.js)
  _throw (node_modules\@babel\runtime\helpers\asyncToGenerator.js)
  tryCallOne (address at (InternalBytecode.js:1:1180)
  anonymous (address at (InternalBytecode.js:1:1874)
 ERROR  [Error: Uncaught (in promise, id: 223) Error: Sesión no válida o expirada.] 

Call Stack
  client.interceptors.response.use$argument_1 (services\api.ts)
  tryCallOne (address at (InternalBytecode.js:1:1180)
  anonymous (address at (InternalBytecode.js:1:1874)
  Axios$1#request (node_modules\axios\dist\esm\axios.js)
  throw (<native>)
  asyncGeneratorStep (node_modules\@babel\runtime\helpers\asyncToGenerator.js)
  _throw (node_modules\@babel\runtime\helpers\asyncToGenerator.js)
  tryCallOne (address at (InternalBytecode.js:1:1180)
  anonymous (address at (InternalBytecode.js:1:1874)
 ERROR  [Error: Uncaught (in promise, id: 224) Error: Sesión no válida o expirada.] 

Call Stack
  client.interceptors.response.use$argument_1 (services\api.ts)
  tryCallOne (address at (InternalBytecode.js:1:1180)
  anonymous (address at (InternalBytecode.js:1:1874)
  Axios$1#request (node_modules\axios\dist\esm\axios.js)
  throw (<native>)
  asyncGeneratorStep (node_modules\@babel\runtime\helpers\asyncToGenerator.js)
  _throw (node_modules\@babel\runtime\helpers\asyncToGenerator.js)
  tryCallOne (address at (InternalBytecode.js:1:1180)
  anonymous (address at (InternalBytecode.js:1:1874)
 ERROR  [Error: Uncaught (in promise, id: 225) Error: Sesión no válida o expirada.] 

Call Stack
  client.interceptors.response.use$argument_1 (services\api.ts)
  tryCallOne (address at (InternalBytecode.js:1:1180)
  anonymous (address at (InternalBytecode.js:1:1874)
  Axios$1#request (node_modules\axios\dist\esm\axios.js)
  throw (<native>)
  asyncGeneratorStep (node_modules\@babel\runtime\helpers\asyncToGenerator.js)
  _throw (node_modules\@babel\runtime\helpers\asyncToGenerator.js)
  tryCallOne (address at (InternalBytecode.js:1:1180)
  anonymous (address at (InternalBytecode.js:1:1874)
 ERROR  [Error: Uncaught (in promise, id: 226) Error: Sesión no válida o expirada.] 

Call Stack
  client.interceptors.response.use$argument_1 (services\api.ts)
  tryCallOne (address at (InternalBytecode.js:1:1180)
  anonymous (address at (InternalBytecode.js:1:1874)
  Axios$1#request (node_modules\axios\dist\esm\axios.js)
  throw (<native>)
  asyncGeneratorStep (node_modules\@babel\runtime\helpers\asyncToGenerator.js)
  _throw (node_modules\@babel\runtime\helpers\asyncToGenerator.js)
  tryCallOne (address at (InternalBytecode.js:1:1180)
  anonymous (address at (InternalBytecode.js:1:1874)
 ERROR  [Error: Uncaught (in promise, id: 227) Error: Sesión no válida o expirada.] 

Call Stack
  client.interceptors.response.use$argument_1 (services\api.ts)
  tryCallOne (address at (InternalBytecode.js:1:1180)
  anonymous (address at (InternalBytecode.js:1:1874)
  Axios$1#request (node_modules\axios\dist\esm\axios.js)
  throw (<native>)
  asyncGeneratorStep (node_modules\@babel\runtime\helpers\asyncToGenerator.js)
  _throw (node_modules\@babel\runtime\helpers\asyncToGenerator.js)
  tryCallOne (address at (InternalBytecode.js:1:1180)
  anonymous (address at (InternalBytecode.js:1:1874)
 ERROR  [Error: Uncaught (in promise, id: 228) Error: Sesión no válida o expirada.] 

Call Stack
  client.interceptors.response.use$argument_1 (services\api.ts)
  tryCallOne (address at (InternalBytecode.js:1:1180)
  anonymous (address at (InternalBytecode.js:1:1874)
  Axios$1#request (node_modules\axios\dist\esm\axios.js)
  throw (<native>)
  asyncGeneratorStep (node_modules\@babel\runtime\helpers\asyncToGenerator.js)
  _throw (node_modules\@babel\runtime\helpers\asyncToGenerator.js)
  tryCallOne (address at (InternalBytecode.js:1:1180)
  anonymous (address at (InternalBytecode.js:1:1874)
 ERROR  [Error: Uncaught (in promise, id: 229) Error: Sesión no válida o expirada.] 

Call Stack
  client.interceptors.response.use$argument_1 (services\api.ts)
  tryCallOne (address at (InternalBytecode.js:1:1180)
  anonymous (address at (InternalBytecode.js:1:1874)
  Axios$1#request (node_modules\axios\dist\esm\axios.js)
  throw (<native>)
  asyncGeneratorStep (node_modules\@babel\runtime\helpers\asyncToGenerator.js)
  _throw (node_modules\@babel\runtime\helpers\asyncToGenerator.js)
  tryCallOne (address at (InternalBytecode.js:1:1180)
  anonymous (address at (InternalBytecode.js:1:1874)
 ERROR  [Error: Uncaught (in promise, id: 230) Error: Sesión no válida o expirada.] 

Call Stack
  client.interceptors.response.use$argument_1 (services\api.ts)
  tryCallOne (address at (InternalBytecode.js:1:1180)
  anonymous (address at (InternalBytecode.js:1:1874)
  Axios$1#request (node_modules\axios\dist\esm\axios.js)
  throw (<native>)
  asyncGeneratorStep (node_modules\@babel\runtime\helpers\asyncToGenerator.js)
  _throw (node_modules\@babel\runtime\helpers\asyncToGenerator.js)
  tryCallOne (address at (InternalBytecode.js:1:1180)
  anonymous (address at (InternalBytecode.js:1:1874)
 ERROR  [Error: Uncaught (in promise, id: 231) Error: Sesión no válida o expirada.] 

Call Stack
  client.interceptors.response.use$argument_1 (services\api.ts)
  tryCallOne (address at (InternalBytecode.js:1:1180)
  anonymous (address at (InternalBytecode.js:1:1874)
  Axios$1#request (node_modules\axios\dist\esm\axios.js)
  throw (<native>)
  asyncGeneratorStep (node_modules\@babel\runtime\helpers\asyncToGenerator.js)
  _throw (node_modules\@babel\runtime\helpers\asyncToGenerator.js)
  tryCallOne (address at (InternalBytecode.js:1:1180)
  anonymous (address at (InternalBytecode.js:1:1874)
 ERROR  [Error: Uncaught (in promise, id: 232) Error: Sesión no válida o expirada.] 

Call Stack
  client.interceptors.response.use$argument_1 (services\api.ts)
  tryCallOne (address at (InternalBytecode.js:1:1180)
  anonymous (address at (InternalBytecode.js:1:1874)
  Axios$1#request (node_modules\axios\dist\esm\axios.js)
  throw (<native>)
  asyncGeneratorStep (node_modules\@babel\runtime\helpers\asyncToGenerator.js)
  _throw (node_modules\@babel\runtime\helpers\asyncToGenerator.js)
  tryCallOne (address at (InternalBytecode.js:1:1180)
  anonymous (address at (InternalBytecode.js:1:1874)
 ERROR  [Error: Uncaught (in promise, id: 233) Error: Sesión no válida o expirada.] 

Call Stack
  client.interceptors.response.use$argument_1 (services\api.ts)
  tryCallOne (address at (InternalBytecode.js:1:1180)
  anonymous (address at (InternalBytecode.js:1:1874)
  Axios$1#request (node_modules\axios\dist\esm\axios.js)
  throw (<native>)
  asyncGeneratorStep (node_modules\@babel\runtime\helpers\asyncToGenerator.js)
  _throw (node_modules\@babel\runtime\helpers\asyncToGenerator.js)
  tryCallOne (address at (InternalBytecode.js:1:1180)
  anonymous (address at (InternalBytecode.js:1:1874)
 ERROR  [Error: Uncaught (in promise, id: 234) Error: Sesión no válida o expirada.] 

Call Stack
  client.interceptors.response.use$argument_1 (services\api.ts)
  tryCallOne (address at (InternalBytecode.js:1:1180)
  anonymous (address at (InternalBytecode.js:1:1874)
  Axios$1#request (node_modules\axios\dist\esm\axios.js)
  throw (<native>)
  asyncGeneratorStep (node_modules\@babel\runtime\helpers\asyncToGenerator.js)
  _throw (node_modules\@babel\runtime\helpers\asyncToGenerator.js)
  tryCallOne (address at (InternalBytecode.js:1:1180)
  anonymous (address at (InternalBytecode.js:1:1874)
 ERROR  [Error: Uncaught (in promise, id: 235) Error: Sesión no válida o expirada.] 

Call Stack
  client.interceptors.response.use$argument_1 (services\api.ts)
  tryCallOne (address at (InternalBytecode.js:1:1180)
  anonymous (address at (InternalBytecode.js:1:1874)
  Axios$1#request (node_modules\axios\dist\esm\axios.js)
  throw (<native>)
  asyncGeneratorStep (node_modules\@babel\runtime\helpers\asyncToGenerator.js)
  _throw (node_modules\@babel\runtime\helpers\asyncToGenerator.js)
  tryCallOne (address at (InternalBytecode.js:1:1180)
  anonymous (address at (InternalBytecode.js:1:1874)
 ERROR  [Error: Uncaught (in promise, id: 236) Error: Sesión no válida o expirada.] 

Call Stack
  client.interceptors.response.use$argument_1 (services\api.ts)
  tryCallOne (address at (InternalBytecode.js:1:1180)
  anonymous (address at (InternalBytecode.js:1:1874)
  Axios$1#request (node_modules\axios\dist\esm\axios.js)
  throw (<native>)
  asyncGeneratorStep (node_modules\@babel\runtime\helpers\asyncToGenerator.js)
  _throw (node_modules\@babel\runtime\helpers\asyncToGenerator.js)
  tryCallOne (address at (InternalBytecode.js:1:1180)
  anonymous (address at (InternalBytecode.js:1:1874)
 ERROR  [Error: Uncaught (in promise, id: 237) Error: Sesión no válida o expirada.] 

Call Stack
  client.interceptors.response.use$argument_1 (services\api.ts)
  tryCallOne (address at (InternalBytecode.js:1:1180)
  anonymous (address at (InternalBytecode.js:1:1874)
  Axios$1#request (node_modules\axios\dist\esm\axios.js)
  throw (<native>)
  asyncGeneratorStep (node_modules\@babel\runtime\helpers\asyncToGenerator.js)
  _throw (node_modules\@babel\runtime\helpers\asyncToGenerator.js)
  tryCallOne (address at (InternalBytecode.js:1:1180)
  anonymous (address at (InternalBytecode.js:1:1874)
 ERROR  [Error: Uncaught (in promise, id: 238) Error: Sesión no válida o expirada.] 

Call Stack
  client.interceptors.response.use$argument_1 (services\api.ts)
  tryCallOne (address at (InternalBytecode.js:1:1180)
  anonymous (address at (InternalBytecode.js:1:1874)
  Axios$1#request (node_modules\axios\dist\esm\axios.js)
  throw (<native>)
  asyncGeneratorStep (node_modules\@babel\runtime\helpers\asyncToGenerator.js)
  _throw (node_modules\@babel\runtime\helpers\asyncToGenerator.js)
  tryCallOne (address at (InternalBytecode.js:1:1180)
  anonymous (address at (InternalBytecode.js:1:1874)
 ERROR  [Error: Uncaught (in promise, id: 239) Error: Sesión no válida o expirada.] 

Call Stack
  client.interceptors.response.use$argument_1 (services\api.ts)
  tryCallOne (address at (InternalBytecode.js:1:1180)
  anonymous (address at (InternalBytecode.js:1:1874)
  Axios$1#request (node_modules\axios\dist\esm\axios.js)
  throw (<native>)
  asyncGeneratorStep (node_modules\@babel\runtime\helpers\asyncToGenerator.js)
  _throw (node_modules\@babel\runtime\helpers\asyncToGenerator.js)
  tryCallOne (address at (InternalBytecode.js:1:1180)
  anonymous (address at (InternalBytecode.js:1:1874)
 ERROR  [Error: Uncaught (in promise, id: 240) Error: Sesión no válida o expirada.] 

Call Stack
  client.interceptors.response.use$argument_1 (services\api.ts)
  tryCallOne (address at (InternalBytecode.js:1:1180)
  anonymous (address at (InternalBytecode.js:1:1874)
  Axios$1#request (node_modules\axios\dist\esm\axios.js)
  throw (<native>)
  asyncGeneratorStep (node_modules\@babel\runtime\helpers\asyncToGenerator.js)
  _throw (node_modules\@babel\runtime\helpers\asyncToGenerator.js)
  tryCallOne (address at (InternalBytecode.js:1:1180)
  anonymous (address at (InternalBytecode.js:1:1874)
 ERROR  [Error: Uncaught (in promise, id: 241) Error: Sesión no válida o expirada.] 

Call Stack
  client.interceptors.response.use$argument_1 (services\api.ts)
  tryCallOne (address at (InternalBytecode.js:1:1180)
  anonymous (address at (InternalBytecode.js:1:1874)
  Axios$1#request (node_modules\axios\dist\esm\axios.js)
  throw (<native>)
  asyncGeneratorStep (node_modules\@babel\runtime\helpers\asyncToGenerator.js)
  _throw (node_modules\@babel\runtime\helpers\asyncToGenerator.js)
  tryCallOne (address at (InternalBytecode.js:1:1180)
  anonymous (address at (InternalBytecode.js:1:1874)
 ERROR  [Error: Uncaught (in promise, id: 242) Error: Sesión no válida o expirada.] 

Call Stack
  client.interceptors.response.use$argument_1 (services\api.ts)
  tryCallOne (address at (InternalBytecode.js:1:1180)
  anonymous (address at (InternalBytecode.js:1:1874)
  Axios$1#request (node_modules\axios\dist\esm\axios.js)
  throw (<native>)
  asyncGeneratorStep (node_modules\@babel\runtime\helpers\asyncToGenerator.js)
  _throw (node_modules\@babel\runtime\helpers\asyncToGenerator.js)
  tryCallOne (address at (InternalBytecode.js:1:1180)
  anonymous (address at (InternalBytecode.js:1:1874)
 ERROR  [Error: Uncaught (in promise, id: 243) Error: Sesión no válida o expirada.] 

Call Stack
  client.interceptors.response.use$argument_1 (services\api.ts)
  tryCallOne (address at (InternalBytecode.js:1:1180)
  anonymous (address at (InternalBytecode.js:1:1874)
  Axios$1#request (node_modules\axios\dist\esm\axios.js)
  throw (<native>)
  asyncGeneratorStep (node_modules\@babel\runtime\helpers\asyncToGenerator.js)
  _throw (node_modules\@babel\runtime\helpers\asyncToGenerator.js)
  tryCallOne (address at (InternalBytecode.js:1:1180)
  anonymous (address at (InternalBytecode.js:1:1874)
 ERROR  [Error: Uncaught (in promise, id: 244) Error: Sesión no válida o expirada.] 

Call Stack
  client.interceptors.response.use$argument_1 (services\api.ts)
  tryCallOne (address at (InternalBytecode.js:1:1180)
  anonymous (address at (InternalBytecode.js:1:1874)
  Axios$1#request (node_modules\axios\dist\esm\axios.js)
  throw (<native>)
  asyncGeneratorStep (node_modules\@babel\runtime\helpers\asyncToGenerator.js)
  _throw (node_modules\@babel\runtime\helpers\asyncToGenerator.js)
  tryCallOne (address at (InternalBytecode.js:1:1180)
  anonymous (address at (InternalBytecode.js:1:1874)
 ERROR  [Error: Uncaught (in promise, id: 245) Error: Sesión no válida o expirada.] 

Call Stack
  client.interceptors.response.use$argument_1 (services\api.ts)
  tryCallOne (address at (InternalBytecode.js:1:1180)
  anonymous (address at (InternalBytecode.js:1:1874)
  Axios$1#request (node_modules\axios\dist\esm\axios.js)
  throw (<native>)
  asyncGeneratorStep (node_modules\@babel\runtime\helpers\asyncToGenerator.js)
  _throw (node_modules\@babel\runtime\helpers\asyncToGenerator.js)
  tryCallOne (address at (InternalBytecode.js:1:1180)
  anonymous (address at (InternalBytecode.js:1:1874)
 ERROR  [Error: Uncaught (in promise, id: 246) Error: Sesión no válida o expirada.] 

Call Stack
  client.interceptors.response.use$argument_1 (services\api.ts)
  tryCallOne (address at (InternalBytecode.js:1:1180)
  anonymous (address at (InternalBytecode.js:1:1874)
  Axios$1#request (node_modules\axios\dist\esm\axios.js)
  throw (<native>)
  asyncGeneratorStep (node_modules\@babel\runtime\helpers\asyncToGenerator.js)
  _throw (node_modules\@babel\runtime\helpers\asyncToGenerator.js)
  tryCallOne (address at (InternalBytecode.js:1:1180)
  anonymous (address at (InternalBytecode.js:1:1874)
 ERROR  [Error: Uncaught (in promise, id: 247) Error: Sesión no válida o expirada.] 

Call Stack
  client.interceptors.response.use$argument_1 (services\api.ts)
  tryCallOne (address at (InternalBytecode.js:1:1180)
  anonymous (address at (InternalBytecode.js:1:1874)
  Axios$1#request (node_modules\axios\dist\esm\axios.js)
  throw (<native>)
  asyncGeneratorStep (node_modules\@babel\runtime\helpers\asyncToGenerator.js)
  _throw (node_modules\@babel\runtime\helpers\asyncToGenerator.js)
  tryCallOne (address at (InternalBytecode.js:1:1180)
  anonymous (address at (InternalBytecode.js:1:1874)
 ERROR  [Error: Uncaught (in promise, id: 248) Error: Sesión no válida o expirada.] 

Call Stack
  client.interceptors.response.use$argument_1 (services\api.ts)
  tryCallOne (address at (InternalBytecode.js:1:1180)
  anonymous (address at (InternalBytecode.js:1:1874)
  Axios$1#request (node_modules\axios\dist\esm\axios.js)
  throw (<native>)
  asyncGeneratorStep (node_modules\@babel\runtime\helpers\asyncToGenerator.js)
  _throw (node_modules\@babel\runtime\helpers\asyncToGenerator.js)
  tryCallOne (address at (InternalBytecode.js:1:1180)
  anonymous (address at (InternalBytecode.js:1:1874)
 ERROR  [Error: Uncaught (in promise, id: 249) Error: Sesión no válida o expirada.] 

Call Stack
  client.interceptors.response.use$argument_1 (services\api.ts)
  tryCallOne (address at (InternalBytecode.js:1:1180)
  anonymous (address at (InternalBytecode.js:1:1874)
  Axios$1#request (node_modules\axios\dist\esm\axios.js)
  throw (<native>)
  asyncGeneratorStep (node_modules\@babel\runtime\helpers\asyncToGenerator.js)
  _throw (node_modules\@babel\runtime\helpers\asyncToGenerator.js)
  tryCallOne (address at (InternalBytecode.js:1:1180)
  anonymous (address at (InternalBytecode.js:1:1874)
 ERROR  [Error: Uncaught (in promise, id: 250) Error: Sesión no válida o expirada.] 

Call Stack
  client.interceptors.response.use$argument_1 (services\api.ts)
  tryCallOne (address at (InternalBytecode.js:1:1180)
  anonymous (address at (InternalBytecode.js:1:1874)
  Axios$1#request (node_modules\axios\dist\esm\axios.js)
  throw (<native>)
  asyncGeneratorStep (node_modules\@babel\runtime\helpers\asyncToGenerator.js)
  _throw (node_modules\@babel\runtime\helpers\asyncToGenerator.js)
  tryCallOne (address at (InternalBytecode.js:1:1180)
  anonymous (address at (InternalBytecode.js:1:1874)
 ERROR  [Error: Uncaught (in promise, id: 251) Error: Sesión no válida o expirada.] 

Call Stack
  client.interceptors.response.use$argument_1 (services\api.ts)
  tryCallOne (address at (InternalBytecode.js:1:1180)
  anonymous (address at (InternalBytecode.js:1:1874)
  Axios$1#request (node_modules\axios\dist\esm\axios.js)
  throw (<native>)
  asyncGeneratorStep (node_modules\@babel\runtime\helpers\asyncToGenerator.js)
  _throw (node_modules\@babel\runtime\helpers\asyncToGenerator.js)
  tryCallOne (address at (InternalBytecode.js:1:1180)
  anonymous (address at (InternalBytecode.js:1:1874)
 ERROR  [Error: Uncaught (in promise, id: 252) Error: Sesión no válida o expirada.] 

Call Stack
  client.interceptors.response.use$argument_1 (services\api.ts)
  tryCallOne (address at (InternalBytecode.js:1:1180)
  anonymous (address at (InternalBytecode.js:1:1874)
  Axios$1#request (node_modules\axios\dist\esm\axios.js)
  throw (<native>)
  asyncGeneratorStep (node_modules\@babel\runtime\helpers\asyncToGenerator.js)
  _throw (node_modules\@babel\runtime\helpers\asyncToGenerator.js)
  tryCallOne (address at (InternalBytecode.js:1:1180)
  anonymous (address at (InternalBytecode.js:1:1874)
 ERROR  [Error: Uncaught (in promise, id: 253) Error: Sesión no válida o expirada.] 

Call Stack
  client.interceptors.response.use$argument_1 (services\api.ts)
  tryCallOne (address at (InternalBytecode.js:1:1180)
  anonymous (address at (InternalBytecode.js:1:1874)
  Axios$1#request (node_modules\axios\dist\esm\axios.js)
  throw (<native>)
  asyncGeneratorStep (node_modules\@babel\runtime\helpers\asyncToGenerator.js)
  _throw (node_modules\@babel\runtime\helpers\asyncToGenerator.js)
  tryCallOne (address at (InternalBytecode.js:1:1180)
  anonymous (address at (InternalBytecode.js:1:1874)
 ERROR  [Error: Uncaught (in promise, id: 254) Error: Sesión no válida o expirada.] 

Call Stack
  client.interceptors.response.use$argument_1 (services\api.ts)
  tryCallOne (address at (InternalBytecode.js:1:1180)
  anonymous (address at (InternalBytecode.js:1:1874)
  Axios$1#request (node_modules\axios\dist\esm\axios.js)
  throw (<native>)
  asyncGeneratorStep (node_modules\@babel\runtime\helpers\asyncToGenerator.js)
  _throw (node_modules\@babel\runtime\helpers\asyncToGenerator.js)
  tryCallOne (address at (InternalBytecode.js:1:1180)
  anonymous (address at (InternalBytecode.js:1:1874)
 ERROR  [Error: Uncaught (in promise, id: 255) Error: Sesión no válida o expirada.] 

Call Stack
  client.interceptors.response.use$argument_1 (services\api.ts)
  tryCallOne (address at (InternalBytecode.js:1:1180)
  anonymous (address at (InternalBytecode.js:1:1874)
  Axios$1#request (node_modules\axios\dist\esm\axios.js)
  throw (<native>)
  asyncGeneratorStep (node_modules\@babel\runtime\helpers\asyncToGenerator.js)
  _throw (node_modules\@babel\runtime\helpers\asyncToGenerator.js)
  tryCallOne (address at (InternalBytecode.js:1:1180)
  anonymous (address at (InternalBytecode.js:1:1874)
 ERROR  [Error: Uncaught (in promise, id: 256) Error: Sesión no válida o expirada.] 

Call Stack
  client.interceptors.response.use$argument_1 (services\api.ts)
  tryCallOne (address at (InternalBytecode.js:1:1180)
  anonymous (address at (InternalBytecode.js:1:1874)
  Axios$1#request (node_modules\axios\dist\esm\axios.js)
  throw (<native>)
  asyncGeneratorStep (node_modules\@babel\runtime\helpers\asyncToGenerator.js)
  _throw (node_modules\@babel\runtime\helpers\asyncToGenerator.js)
  tryCallOne (address at (InternalBytecode.js:1:1180)
  anonymous (address at (InternalBytecode.js:1:1874)
 ERROR  [Error: Uncaught (in promise, id: 257) Error: Sesión no válida o expirada.] 

Call Stack
  client.interceptors.response.use$argument_1 (services\api.ts)
  tryCallOne (address at (InternalBytecode.js:1:1180)
  anonymous (address at (InternalBytecode.js:1:1874)
  Axios$1#request (node_modules\axios\dist\esm\axios.js)
  throw (<native>)
  asyncGeneratorStep (node_modules\@babel\runtime\helpers\asyncToGenerator.js)
  _throw (node_modules\@babel\runtime\helpers\asyncToGenerator.js)
  tryCallOne (address at (InternalBytecode.js:1:1180)
  anonymous (address at (InternalBytecode.js:1:1874)
 ERROR  [Error: Uncaught (in promise, id: 258) Error: Sesión no válida o expirada.] 

Call Stack
  client.interceptors.response.use$argument_1 (services\api.ts)
  tryCallOne (address at (InternalBytecode.js:1:1180)
  anonymous (address at (InternalBytecode.js:1:1874)
  Axios$1#request (node_modules\axios\dist\esm\axios.js)
  throw (<native>)
  asyncGeneratorStep (node_modules\@babel\runtime\helpers\asyncToGenerator.js)
  _throw (node_modules\@babel\runtime\helpers\asyncToGenerator.js)
  tryCallOne (address at (InternalBytecode.js:1:1180)
  anonymous (address at (InternalBytecode.js:1:1874)
 ERROR  [Error: Uncaught (in promise, id: 259) Error: Sesión no válida o expirada.] 

Call Stack
  client.interceptors.response.use$argument_1 (services\api.ts)
  tryCallOne (address at (InternalBytecode.js:1:1180)
  anonymous (address at (InternalBytecode.js:1:1874)
  Axios$1#request (node_modules\axios\dist\esm\axios.js)
  throw (<native>)
  asyncGeneratorStep (node_modules\@babel\runtime\helpers\asyncToGenerator.js)
  _throw (node_modules\@babel\runtime\helpers\asyncToGenerator.js)
  tryCallOne (address at (InternalBytecode.js:1:1180)
  anonymous (address at (InternalBytecode.js:1:1874)
 ERROR  [Error: Uncaught (in promise, id: 260) Error: Sesión no válida o expirada.] 

Call Stack
  client.interceptors.response.use$argument_1 (services\api.ts)
  tryCallOne (address at (InternalBytecode.js:1:1180)
  anonymous (address at (InternalBytecode.js:1:1874)
  Axios$1#request (node_modules\axios\dist\esm\axios.js)
  throw (<native>)
  asyncGeneratorStep (node_modules\@babel\runtime\helpers\asyncToGenerator.js)
  _throw (node_modules\@babel\runtime\helpers\asyncToGenerator.js)
  tryCallOne (address at (InternalBytecode.js:1:1180)
  anonymous (address at (InternalBytecode.js:1:1874)
 ERROR  [Error: Uncaught (in promise, id: 261) Error: Sesión no válida o expirada.] 

Call Stack
  client.interceptors.response.use$argument_1 (services\api.ts)
  tryCallOne (address at (InternalBytecode.js:1:1180)
  anonymous (address at (InternalBytecode.js:1:1874)
  Axios$1#request (node_modules\axios\dist\esm\axios.js)
  throw (<native>)
  asyncGeneratorStep (node_modules\@babel\runtime\helpers\asyncToGenerator.js)
  _throw (node_modules\@babel\runtime\helpers\asyncToGenerator.js)
  tryCallOne (address at (InternalBytecode.js:1:1180)
  anonymous (address at (InternalBytecode.js:1:1874)
 ERROR  [Error: Uncaught (in promise, id: 262) Error: Sesión no válida o expirada.] 

Call Stack
  client.interceptors.response.use$argument_1 (services\api.ts)
  tryCallOne (address at (InternalBytecode.js:1:1180)
  anonymous (address at (InternalBytecode.js:1:1874)
  Axios$1#request (node_modules\axios\dist\esm\axios.js)
  throw (<native>)
  asyncGeneratorStep (node_modules\@babel\runtime\helpers\asyncToGenerator.js)
  _throw (node_modules\@babel\runtime\helpers\asyncToGenerator.js)
  tryCallOne (address at (InternalBytecode.js:1:1180)
  anonymous (address at (InternalBytecode.js:1:1874)
 ERROR  [Error: Uncaught (in promise, id: 263) Error: Sesión no válida o expirada.] 

Call Stack
  client.interceptors.response.use$argument_1 (services\api.ts)
  tryCallOne (address at (InternalBytecode.js:1:1180)
  anonymous (address at (InternalBytecode.js:1:1874)
  Axios$1#request (node_modules\axios\dist\esm\axios.js)
  throw (<native>)
  asyncGeneratorStep (node_modules\@babel\runtime\helpers\asyncToGenerator.js)
  _throw (node_modules\@babel\runtime\helpers\asyncToGenerator.js)
  tryCallOne (address at (InternalBytecode.js:1:1180)
  anonymous (address at (InternalBytecode.js:1:1874)
 ERROR  [Error: Uncaught (in promise, id: 264) Error: Sesión no válida o expirada.] 

Call Stack
  client.interceptors.response.use$argument_1 (services\api.ts)
  tryCallOne (address at (InternalBytecode.js:1:1180)
  anonymous (address at (InternalBytecode.js:1:1874)
  Axios$1#request (node_modules\axios\dist\esm\axios.js)
  throw (<native>)
  asyncGeneratorStep (node_modules\@babel\runtime\helpers\asyncToGenerator.js)
  _throw (node_modules\@babel\runtime\helpers\asyncToGenerator.js)
  tryCallOne (address at (InternalBytecode.js:1:1180)
  anonymous (address at (InternalBytecode.js:1:1874)
 ERROR  [Error: Uncaught (in promise, id: 265) Error: Sesión no válida o expirada.] 

Call Stack
  client.interceptors.response.use$argument_1 (services\api.ts)
  tryCallOne (address at (InternalBytecode.js:1:1180)
  anonymous (address at (InternalBytecode.js:1:1874)
  Axios$1#request (node_modules\axios\dist\esm\axios.js)
  throw (<native>)
  asyncGeneratorStep (node_modules\@babel\runtime\helpers\asyncToGenerator.js)
  _throw (node_modules\@babel\runtime\helpers\asyncToGenerator.js)
  tryCallOne (address at (InternalBytecode.js:1:1180)
  anonymous (address at (InternalBytecode.js:1:1874)
 ERROR  [Error: Uncaught (in promise, id: 266) Error: Sesión no válida o expirada.] 

Call Stack
  client.interceptors.response.use$argument_1 (services\api.ts)
  tryCallOne (address at (InternalBytecode.js:1:1180)
  anonymous (address at (InternalBytecode.js:1:1874)
  Axios$1#request (node_modules\axios\dist\esm\axios.js)
  throw (<native>)
  asyncGeneratorStep (node_modules\@babel\runtime\helpers\asyncToGenerator.js)
  _throw (node_modules\@babel\runtime\helpers\asyncToGenerator.js)
  tryCallOne (address at (InternalBytecode.js:1:1180)
  anonymous (address at (InternalBytecode.js:1:1874)
 ERROR  [Error: Uncaught (in promise, id: 267) Error: Sesión no válida o expirada.] 

Call Stack
  client.interceptors.response.use$argument_1 (services\api.ts)
  tryCallOne (address at (InternalBytecode.js:1:1180)
  anonymous (address at (InternalBytecode.js:1:1874)
  Axios$1#request (node_modules\axios\dist\esm\axios.js)
  throw (<native>)
  asyncGeneratorStep (node_modules\@babel\runtime\helpers\asyncToGenerator.js)
  _throw (node_modules\@babel\runtime\helpers\asyncToGenerator.js)
  tryCallOne (address at (InternalBytecode.js:1:1180)
  anonymous (address at (InternalBytecode.js:1:1874)
 ERROR  [Error: Uncaught (in promise, id: 268) Error: Sesión no válida o expirada.] 

Call Stack
  client.interceptors.response.use$argument_1 (services\api.ts)
  tryCallOne (address at (InternalBytecode.js:1:1180)
  anonymous (address at (InternalBytecode.js:1:1874)
  Axios$1#request (node_modules\axios\dist\esm\axios.js)
  throw (<native>)
  asyncGeneratorStep (node_modules\@babel\runtime\helpers\asyncToGenerator.js)
  _throw (node_modules\@babel\runtime\helpers\asyncToGenerator.js)
  tryCallOne (address at (InternalBytecode.js:1:1180)
  anonymous (address at (InternalBytecode.js:1:1874)
 ERROR  [Error: Uncaught (in promise, id: 269) Error: Sesión no válida o expirada.] 

Call Stack
  client.interceptors.response.use$argument_1 (services\api.ts)
  tryCallOne (address at (InternalBytecode.js:1:1180)
  anonymous (address at (InternalBytecode.js:1:1874)
  Axios$1#request (node_modules\axios\dist\esm\axios.js)
  throw (<native>)
  asyncGeneratorStep (node_modules\@babel\runtime\helpers\asyncToGenerator.js)
  _throw (node_modules\@babel\runtime\helpers\asyncToGenerator.js)
  tryCallOne (address at (InternalBytecode.js:1:1180)
  anonymous (address at (InternalBytecode.js:1:1874)
 ERROR  [Error: Uncaught (in promise, id: 270) Error: Sesión no válida o expirada.] 

Call Stack
  client.interceptors.response.use$argument_1 (services\api.ts)
  tryCallOne (address at (InternalBytecode.js:1:1180)
  anonymous (address at (InternalBytecode.js:1:1874)
  Axios$1#request (node_modules\axios\dist\esm\axios.js)
  throw (<native>)
  asyncGeneratorStep (node_modules\@babel\runtime\helpers\asyncToGenerator.js)
  _throw (node_modules\@babel\runtime\helpers\asyncToGenerator.js)
  tryCallOne (address at (InternalBytecode.js:1:1180)
  anonymous (address at (InternalBytecode.js:1:1874)
 ERROR  [Error: Uncaught (in promise, id: 271) Error: Sesión no válida o expirada.] 

Call Stack
  client.interceptors.response.use$argument_1 (services\api.ts)
  tryCallOne (address at (InternalBytecode.js:1:1180)
  anonymous (address at (InternalBytecode.js:1:1874)
  Axios$1#request (node_modules\axios\dist\esm\axios.js)
  throw (<native>)
  asyncGeneratorStep (node_modules\@babel\runtime\helpers\asyncToGenerator.js)
  _throw (node_modules\@babel\runtime\helpers\asyncToGenerator.js)
  tryCallOne (address at (InternalBytecode.js:1:1180)
  anonymous (address at (InternalBytecode.js:1:1874)
 ERROR  [Error: Uncaught (in promise, id: 272) Error: Sesión no válida o expirada.] 

Call Stack
  client.interceptors.response.use$argument_1 (services\api.ts)
  tryCallOne (address at (InternalBytecode.js:1:1180)
  anonymous (address at (InternalBytecode.js:1:1874)
  Axios$1#request (node_modules\axios\dist\esm\axios.js)
  throw (<native>)
  asyncGeneratorStep (node_modules\@babel\runtime\helpers\asyncToGenerator.js)
  _throw (node_modules\@babel\runtime\helpers\asyncToGenerator.js)
  tryCallOne (address at (InternalBytecode.js:1:1180)
  anonymous (address at (InternalBytecode.js:1:1874)
 ERROR  [Error: Uncaught (in promise, id: 273) Error: Sesión no válida o expirada.] 

Call Stack
  client.interceptors.response.use$argument_1 (services\api.ts)
  tryCallOne (address at (InternalBytecode.js:1:1180)
  anonymous (address at (InternalBytecode.js:1:1874)
  Axios$1#request (node_modules\axios\dist\esm\axios.js)
  throw (<native>)
  asyncGeneratorStep (node_modules\@babel\runtime\helpers\asyncToGenerator.js)
  _throw (node_modules\@babel\runtime\helpers\asyncToGenerator.js)
  tryCallOne (address at (InternalBytecode.js:1:1180)
  anonymous (address at (InternalBytecode.js:1:1874)
 ERROR  [Error: Uncaught (in promise, id: 274) Error: Sesión no válida o expirada.] 

Call Stack
  client.interceptors.response.use$argument_1 (services\api.ts)
  tryCallOne (address at (InternalBytecode.js:1:1180)
  anonymous (address at (InternalBytecode.js:1:1874)
  Axios$1#request (node_modules\axios\dist\esm\axios.js)
  throw (<native>)
  asyncGeneratorStep (node_modules\@babel\runtime\helpers\asyncToGenerator.js)
  _throw (node_modules\@babel\runtime\helpers\asyncToGenerator.js)
  tryCallOne (address at (InternalBytecode.js:1:1180)
  anonymous (address at (InternalBytecode.js:1:1874)
 ERROR  [Error: Uncaught (in promise, id: 275) Error: Sesión no válida o expirada.] 

Call Stack
  client.interceptors.response.use$argument_1 (services\api.ts)
  tryCallOne (address at (InternalBytecode.js:1:1180)
  anonymous (address at (InternalBytecode.js:1:1874)
  Axios$1#request (node_modules\axios\dist\esm\axios.js)
  throw (<native>)
  asyncGeneratorStep (node_modules\@babel\runtime\helpers\asyncToGenerator.js)
  _throw (node_modules\@babel\runtime\helpers\asyncToGenerator.js)
  tryCallOne (address at (InternalBytecode.js:1:1180)
  anonymous (address at (InternalBytecode.js:1:1874)
 ERROR  [Error: Uncaught (in promise, id: 276) Error: Sesión no válida o expirada.] 

Call Stack
  client.interceptors.response.use$argument_1 (services\api.ts)
  tryCallOne (address at (InternalBytecode.js:1:1180)
  anonymous (address at (InternalBytecode.js:1:1874)
  Axios$1#request (node_modules\axios\dist\esm\axios.js)
  throw (<native>)
  asyncGeneratorStep (node_modules\@babel\runtime\helpers\asyncToGenerator.js)
  _throw (node_modules\@babel\runtime\helpers\asyncToGenerator.js)
  tryCallOne (address at (InternalBytecode.js:1:1180)
  anonymous (address at (InternalBytecode.js:1:1874)
 ERROR  [Error: Uncaught (in promise, id: 277) Error: Sesión no válida o expirada.] 

Call Stack
  client.interceptors.response.use$argument_1 (services\api.ts)
  tryCallOne (address at (InternalBytecode.js:1:1180)
  anonymous (address at (InternalBytecode.js:1:1874)
  Axios$1#request (node_modules\axios\dist\esm\axios.js)
  throw (<native>)
  asyncGeneratorStep (node_modules\@babel\runtime\helpers\asyncToGenerator.js)
  _throw (node_modules\@babel\runtime\helpers\asyncToGenerator.js)
  tryCallOne (address at (InternalBytecode.js:1:1180)
  anonymous (address at (InternalBytecode.js:1:1874)
 ERROR  [Error: Uncaught (in promise, id: 278) Error: Sesión no válida o expirada.] 

Call Stack
  client.interceptors.response.use$argument_1 (services\api.ts)
  tryCallOne (address at (InternalBytecode.js:1:1180)
  anonymous (address at (InternalBytecode.js:1:1874)
  Axios$1#request (node_modules\axios\dist\esm\axios.js)
  throw (<native>)
  asyncGeneratorStep (node_modules\@babel\runtime\helpers\asyncToGenerator.js)
  _throw (node_modules\@babel\runtime\helpers\asyncToGenerator.js)
  tryCallOne (address at (InternalBytecode.js:1:1180)
  anonymous (address at (InternalBytecode.js:1:1874)
 ERROR  [Error: Uncaught (in promise, id: 279) Error: Sesión no válida o expirada.] 

Call Stack
  client.interceptors.response.use$argument_1 (services\api.ts)
  tryCallOne (address at (InternalBytecode.js:1:1180)
  anonymous (address at (InternalBytecode.js:1:1874)
  Axios$1#request (node_modules\axios\dist\esm\axios.js)
  throw (<native>)
  asyncGeneratorStep (node_modules\@babel\runtime\helpers\asyncToGenerator.js)
  _throw (node_modules\@babel\runtime\helpers\asyncToGenerator.js)
  tryCallOne (address at (InternalBytecode.js:1:1180)
  anonymous (address at (InternalBytecode.js:1:1874)
 ERROR  [Error: Uncaught (in promise, id: 280) Error: Sesión no válida o expirada.] 

Call Stack
  client.interceptors.response.use$argument_1 (services\api.ts)
  tryCallOne (address at (InternalBytecode.js:1:1180)
  anonymous (address at (InternalBytecode.js:1:1874)
  Axios$1#request (node_modules\axios\dist\esm\axios.js)
  throw (<native>)
  asyncGeneratorStep (node_modules\@babel\runtime\helpers\asyncToGenerator.js)
  _throw (node_modules\@babel\runtime\helpers\asyncToGenerator.js)
  tryCallOne (address at (InternalBytecode.js:1:1180)
  anonymous (address at (InternalBytecode.js:1:1874)
 ERROR  [Error: Uncaught (in promise, id: 281) Error: Sesión no válida o expirada.] 

Call Stack
  client.interceptors.response.use$argument_1 (services\api.ts)
  tryCallOne (address at (InternalBytecode.js:1:1180)
  anonymous (address at (InternalBytecode.js:1:1874)
  Axios$1#request (node_modules\axios\dist\esm\axios.js)
  throw (<native>)
  asyncGeneratorStep (node_modules\@babel\runtime\helpers\asyncToGenerator.js)
  _throw (node_modules\@babel\runtime\helpers\asyncToGenerator.js)
  tryCallOne (address at (InternalBytecode.js:1:1180)
  anonymous (address at (InternalBytecode.js:1:1874)
 ERROR  [Error: Uncaught (in promise, id: 282) Error: Sesión no válida o expirada.] 

Call Stack
  client.interceptors.response.use$argument_1 (services\api.ts)
  tryCallOne (address at (InternalBytecode.js:1:1180)
  anonymous (address at (InternalBytecode.js:1:1874)
  Axios$1#request (node_modules\axios\dist\esm\axios.js)
  throw (<native>)
  asyncGeneratorStep (node_modules\@babel\runtime\helpers\asyncToGenerator.js)
  _throw (node_modules\@babel\runtime\helpers\asyncToGenerator.js)
  tryCallOne (address at (InternalBytecode.js:1:1180)
  anonymous (address at (InternalBytecode.js:1:1874)
 ERROR  [Error: Uncaught (in promise, id: 283) Error: Sesión no válida o expirada.] 

Call Stack
  client.interceptors.response.use$argument_1 (services\api.ts)
  tryCallOne (address at (InternalBytecode.js:1:1180)
  anonymous (address at (InternalBytecode.js:1:1874)
  Axios$1#request (node_modules\axios\dist\esm\axios.js)
  throw (<native>)
  asyncGeneratorStep (node_modules\@babel\runtime\helpers\asyncToGenerator.js)
  _throw (node_modules\@babel\runtime\helpers\asyncToGenerator.js)
  tryCallOne (address at (InternalBytecode.js:1:1180)
  anonymous (address at (InternalBytecode.js:1:1874)
 ERROR  [Error: Uncaught (in promise, id: 284) Error: Sesión no válida o expirada.] 

Call Stack
  client.interceptors.response.use$argument_1 (services\api.ts)
  tryCallOne (address at (InternalBytecode.js:1:1180)
  anonymous (address at (InternalBytecode.js:1:1874)
  Axios$1#request (node_modules\axios\dist\esm\axios.js)
  throw (<native>)
  asyncGeneratorStep (node_modules\@babel\runtime\helpers\asyncToGenerator.js)
  _throw (node_modules\@babel\runtime\helpers\asyncToGenerator.js)
  tryCallOne (address at (InternalBytecode.js:1:1180)
  anonymous (address at (InternalBytecode.js:1:1874)
 ERROR  [Error: Uncaught (in promise, id: 285) Error: Sesión no válida o expirada.] 

Call Stack
  client.interceptors.response.use$argument_1 (services\api.ts)
  tryCallOne (address at (InternalBytecode.js:1:1180)
  anonymous (address at (InternalBytecode.js:1:1874)
  Axios$1#request (node_modules\axios\dist\esm\axios.js)
  throw (<native>)
  asyncGeneratorStep (node_modules\@babel\runtime\helpers\asyncToGenerator.js)
  _throw (node_modules\@babel\runtime\helpers\asyncToGenerator.js)
  tryCallOne (address at (InternalBytecode.js:1:1180)
  anonymous (address at (InternalBytecode.js:1:1874)
 ERROR  [Error: Uncaught (in promise, id: 286) Error: Sesión no válida o expirada.] 

Call Stack
  client.interceptors.response.use$argument_1 (services\api.ts)
  tryCallOne (address at (InternalBytecode.js:1:1180)
  anonymous (address at (InternalBytecode.js:1:1874)
  Axios$1#request (node_modules\axios\dist\esm\axios.js)
  throw (<native>)
  asyncGeneratorStep (node_modules\@babel\runtime\helpers\asyncToGenerator.js)
  _throw (node_modules\@babel\runtime\helpers\asyncToGenerator.js)
  tryCallOne (address at (InternalBytecode.js:1:1180)
  anonymous (address at (InternalBytecode.js:1:1874)
 ERROR  [Error: Uncaught (in promise, id: 287) Error: Sesión no válida o expirada.] 

Call Stack
  client.interceptors.response.use$argument_1 (services\api.ts)
  tryCallOne (address at (InternalBytecode.js:1:1180)
  anonymous (address at (InternalBytecode.js:1:1874)
  Axios$1#request (node_modules\axios\dist\esm\axios.js)
  throw (<native>)
  asyncGeneratorStep (node_modules\@babel\runtime\helpers\asyncToGenerator.js)
  _throw (node_modules\@babel\runtime\helpers\asyncToGenerator.js)
  tryCallOne (address at (InternalBytecode.js:1:1180)
  anonymous (address at (InternalBytecode.js:1:1874)
 ERROR  [Error: Uncaught (in promise, id: 288) Error: Sesión no válida o expirada.] 

Call Stack
  client.interceptors.response.use$argument_1 (services\api.ts)
  tryCallOne (address at (InternalBytecode.js:1:1180)
  anonymous (address at (InternalBytecode.js:1:1874)
  Axios$1#request (node_modules\axios\dist\esm\axios.js)
  throw (<native>)
  asyncGeneratorStep (node_modules\@babel\runtime\helpers\asyncToGenerator.js)
  _throw (node_modules\@babel\runtime\helpers\asyncToGenerator.js)
  tryCallOne (address at (InternalBytecode.js:1:1180)
  anonymous (address at (InternalBytecode.js:1:1874)
 ERROR  [Error: Uncaught (in promise, id: 289) Error: Sesión no válida o expirada.] 

Call Stack
  client.interceptors.response.use$argument_1 (services\api.ts)
  tryCallOne (address at (InternalBytecode.js:1:1180)
  anonymous (address at (InternalBytecode.js:1:1874)
  Axios$1#request (node_modules\axios\dist\esm\axios.js)
  throw (<native>)
  asyncGeneratorStep (node_modules\@babel\runtime\helpers\asyncToGenerator.js)
  _throw (node_modules\@babel\runtime\helpers\asyncToGenerator.js)
  tryCallOne (address at (InternalBytecode.js:1:1180)
  anonymous (address at (InternalBytecode.js:1:1874)
 ERROR  [Error: Uncaught (in promise, id: 290) Error: Sesión no válida o expirada.] 

Call Stack
  client.interceptors.response.use$argument_1 (services\api.ts)
  tryCallOne (address at (InternalBytecode.js:1:1180)
  anonymous (address at (InternalBytecode.js:1:1874)
  Axios$1#request (node_modules\axios\dist\esm\axios.js)
  throw (<native>)
  asyncGeneratorStep (node_modules\@babel\runtime\helpers\asyncToGenerator.js)
  _throw (node_modules\@babel\runtime\helpers\asyncToGenerator.js)
  tryCallOne (address at (InternalBytecode.js:1:1180)
  anonymous (address at (InternalBytecode.js:1:1874)
 ERROR  [Error: Uncaught (in promise, id: 291) Error: Sesión no válida o expirada.] 

Call Stack
  client.interceptors.response.use$argument_1 (services\api.ts)
  tryCallOne (address at (InternalBytecode.js:1:1180)
  anonymous (address at (InternalBytecode.js:1:1874)
  Axios$1#request (node_modules\axios\dist\esm\axios.js)
  throw (<native>)
  asyncGeneratorStep (node_modules\@babel\runtime\helpers\asyncToGenerator.js)
  _throw (node_modules\@babel\runtime\helpers\asyncToGenerator.js)
  tryCallOne (address at (InternalBytecode.js:1:1180)
  anonymous (address at (InternalBytecode.js:1:1874)
 ERROR  [Error: Uncaught (in promise, id: 292) Error: Sesión no válida o expirada.] 

Call Stack
  client.interceptors.response.use$argument_1 (services\api.ts)
  tryCallOne (address at (InternalBytecode.js:1:1180)
  anonymous (address at (InternalBytecode.js:1:1874)
  Axios$1#request (node_modules\axios\dist\esm\axios.js)
  throw (<native>)
  asyncGeneratorStep (node_modules\@babel\runtime\helpers\asyncToGenerator.js)
  _throw (node_modules\@babel\runtime\helpers\asyncToGenerator.js)
  tryCallOne (address at (InternalBytecode.js:1:1180)
  anonymous (address at (InternalBytecode.js:1:1874)
 ERROR  [Error: Uncaught (in promise, id: 293) Error: Sesión no válida o expirada.] 

Call Stack
  client.interceptors.response.use$argument_1 (services\api.ts)
  tryCallOne (address at (InternalBytecode.js:1:1180)
  anonymous (address at (InternalBytecode.js:1:1874)
  Axios$1#request (node_modules\axios\dist\esm\axios.js)
  throw (<native>)
  asyncGeneratorStep (node_modules\@babel\runtime\helpers\asyncToGenerator.js)
  _throw (node_modules\@babel\runtime\helpers\asyncToGenerator.js)
  tryCallOne (address at (InternalBytecode.js:1:1180)
  anonymous (address at (InternalBytecode.js:1:1874)
 ERROR  [Error: Uncaught (in promise, id: 294) Error: Sesión no válida o expirada.] 

Call Stack
  client.interceptors.response.use$argument_1 (services\api.ts)
  tryCallOne (address at (InternalBytecode.js:1:1180)
  anonymous (address at (InternalBytecode.js:1:1874)
  Axios$1#request (node_modules\axios\dist\esm\axios.js)
  throw (<native>)
  asyncGeneratorStep (node_modules\@babel\runtime\helpers\asyncToGenerator.js)
  _throw (node_modules\@babel\runtime\helpers\asyncToGenerator.js)
  tryCallOne (address at (InternalBytecode.js:1:1180)
  anonymous (address at (InternalBytecode.js:1:1874)
 ERROR  [Error: Uncaught (in promise, id: 295) Error: Sesión no válida o expirada.] 

Call Stack
  client.interceptors.response.use$argument_1 (services\api.ts)
  tryCallOne (address at (InternalBytecode.js:1:1180)
  anonymous (address at (InternalBytecode.js:1:1874)
  Axios$1#request (node_modules\axios\dist\esm\axios.js)
  throw (<native>)
  asyncGeneratorStep (node_modules\@babel\runtime\helpers\asyncToGenerator.js)
  _throw (node_modules\@babel\runtime\helpers\asyncToGenerator.js)
  tryCallOne (address at (InternalBytecode.js:1:1180)
  anonymous (address at (InternalBytecode.js:1:1874)
 ERROR  [Error: Uncaught (in promise, id: 296) Error: Sesión no válida o expirada.] 

Call Stack
  client.interceptors.response.use$argument_1 (services\api.ts)
  tryCallOne (address at (InternalBytecode.js:1:1180)
  anonymous (address at (InternalBytecode.js:1:1874)
  Axios$1#request (node_modules\axios\dist\esm\axios.js)
  throw (<native>)
  asyncGeneratorStep (node_modules\@babel\runtime\helpers\asyncToGenerator.js)
  _throw (node_modules\@babel\runtime\helpers\asyncToGenerator.js)
  tryCallOne (address at (InternalBytecode.js:1:1180)
  anonymous (address at (InternalBytecode.js:1:1874)
 ERROR  [Error: Uncaught (in promise, id: 297) Error: Sesión no válida o expirada.] 

Call Stack
  client.interceptors.response.use$argument_1 (services\api.ts)
  tryCallOne (address at (InternalBytecode.js:1:1180)
  anonymous (address at (InternalBytecode.js:1:1874)
  Axios$1#request (node_modules\axios\dist\esm\axios.js)
  throw (<native>)
  asyncGeneratorStep (node_modules\@babel\runtime\helpers\asyncToGenerator.js)
  _throw (node_modules\@babel\runtime\helpers\asyncToGenerator.js)
  tryCallOne (address at (InternalBytecode.js:1:1180)
  anonymous (address at (InternalBytecode.js:1:1874)
 ERROR  [Error: Uncaught (in promise, id: 298) Error: Sesión no válida o expirada.] 

Call Stack
  client.interceptors.response.use$argument_1 (services\api.ts)
  tryCallOne (address at (InternalBytecode.js:1:1180)
  anonymous (address at (InternalBytecode.js:1:1874)
  Axios$1#request (node_modules\axios\dist\esm\axios.js)
  throw (<native>)
  asyncGeneratorStep (node_modules\@babel\runtime\helpers\asyncToGenerator.js)
  _throw (node_modules\@babel\runtime\helpers\asyncToGenerator.js)
  tryCallOne (address at (InternalBytecode.js:1:1180)
  anonymous (address at (InternalBytecode.js:1:1874)
 ERROR  [Error: Uncaught (in promise, id: 299) Error: Sesión no válida o expirada.] 

Call Stack
  client.interceptors.response.use$argument_1 (services\api.ts)
  tryCallOne (address at (InternalBytecode.js:1:1180)
  anonymous (address at (InternalBytecode.js:1:1874)
  Axios$1#request (node_modules\axios\dist\esm\axios.js)
  throw (<native>)
  asyncGeneratorStep (node_modules\@babel\runtime\helpers\asyncToGenerator.js)
  _throw (node_modules\@babel\runtime\helpers\asyncToGenerator.js)
  tryCallOne (address at (InternalBytecode.js:1:1180)
  anonymous (address at (InternalBytecode.js:1:1874)
 ERROR  [Error: Uncaught (in promise, id: 300) Error: Sesión no válida o expirada.] 

Call Stack
  client.interceptors.response.use$argument_1 (services\api.ts)
  tryCallOne (address at (InternalBytecode.js:1:1180)
  anonymous (address at (InternalBytecode.js:1:1874)
  Axios$1#request (node_modules\axios\dist\esm\axios.js)
  throw (<native>)
  asyncGeneratorStep (node_modules\@babel\runtime\helpers\asyncToGenerator.js)
  _throw (node_modules\@babel\runtime\helpers\asyncToGenerator.js)
  tryCallOne (address at (InternalBytecode.js:1:1180)
  anonymous (address at (InternalBytecode.js:1:1874)
 ERROR  [Error: Uncaught (in promise, id: 301) Error: Sesión no válida o expirada.] 

Call Stack
  client.interceptors.response.use$argument_1 (services\api.ts)
  tryCallOne (address at (InternalBytecode.js:1:1180)
  anonymous (address at (InternalBytecode.js:1:1874)
  Axios$1#request (node_modules\axios\dist\esm\axios.js)
  throw (<native>)
  asyncGeneratorStep (node_modules\@babel\runtime\helpers\asyncToGenerator.js)
  _throw (node_modules\@babel\runtime\helpers\asyncToGenerator.js)
  tryCallOne (address at (InternalBytecode.js:1:1180)
  anonymous (address at (InternalBytecode.js:1:1874)
 ERROR  [Error: Uncaught (in promise, id: 302) Error: Sesión no válida o expirada.] 

Call Stack
  client.interceptors.response.use$argument_1 (services\api.ts)
  tryCallOne (address at (InternalBytecode.js:1:1180)
  anonymous (address at (InternalBytecode.js:1:1874)
  Axios$1#request (node_modules\axios\dist\esm\axios.js)
  throw (<native>)
  asyncGeneratorStep (node_modules\@babel\runtime\helpers\asyncToGenerator.js)
  _throw (node_modules\@babel\runtime\helpers\asyncToGenerator.js)
  tryCallOne (address at (InternalBytecode.js:1:1180)
  anonymous (address at (InternalBytecode.js:1:1874)
 ERROR  [Error: Uncaught (in promise, id: 303) Error: Sesión no válida o expirada.] 

Call Stack
  client.interceptors.response.use$argument_1 (services\api.ts)
  tryCallOne (address at (InternalBytecode.js:1:1180)
  anonymous (address at (InternalBytecode.js:1:1874)
  Axios$1#request (node_modules\axios\dist\esm\axios.js)
  throw (<native>)
  asyncGeneratorStep (node_modules\@babel\runtime\helpers\asyncToGenerator.js)
  _throw (node_modules\@babel\runtime\helpers\asyncToGenerator.js)
  tryCallOne (address at (InternalBytecode.js:1:1180)
  anonymous (address at (InternalBytecode.js:1:1874)
 ERROR  [Error: Uncaught (in promise, id: 304) Error: Sesión no válida o expirada.] 

Call Stack
  client.interceptors.response.use$argument_1 (services\api.ts)
  tryCallOne (address at (InternalBytecode.js:1:1180)
  anonymous (address at (InternalBytecode.js:1:1874)
  Axios$1#request (node_modules\axios\dist\esm\axios.js)
  throw (<native>)
  asyncGeneratorStep (node_modules\@babel\runtime\helpers\asyncToGenerator.js)
  _throw (node_modules\@babel\runtime\helpers\asyncToGenerator.js)
  tryCallOne (address at (InternalBytecode.js:1:1180)
  anonymous (address at (InternalBytecode.js:1:1874)
 ERROR  [Error: Uncaught (in promise, id: 305) Error: Sesión no válida o expirada.] 

Call Stack
  client.interceptors.response.use$argument_1 (services\api.ts)
  tryCallOne (address at (InternalBytecode.js:1:1180)
  anonymous (address at (InternalBytecode.js:1:1874)
  Axios$1#request (node_modules\axios\dist\esm\axios.js)
  throw (<native>)
  asyncGeneratorStep (node_modules\@babel\runtime\helpers\asyncToGenerator.js)
  _throw (node_modules\@babel\runtime\helpers\asyncToGenerator.js)
  tryCallOne (address at (InternalBytecode.js:1:1180)
  anonymous (address at (InternalBytecode.js:1:1874)
 ERROR  [Error: Uncaught (in promise, id: 306) Error: Sesión no válida o expirada.] 

Call Stack
  client.interceptors.response.use$argument_1 (services\api.ts)
  tryCallOne (address at (InternalBytecode.js:1:1180)
  anonymous (address at (InternalBytecode.js:1:1874)
  Axios$1#request (node_modules\axios\dist\esm\axios.js)
  throw (<native>)
  asyncGeneratorStep (node_modules\@babel\runtime\helpers\asyncToGenerator.js)
  _throw (node_modules\@babel\runtime\helpers\asyncToGenerator.js)
  tryCallOne (address at (InternalBytecode.js:1:1180)
  anonymous (address at (InternalBytecode.js:1:1874)
 ERROR  [Error: Uncaught (in promise, id: 307) Error: Sesión no válida o expirada.] 

Call Stack
  client.interceptors.response.use$argument_1 (services\api.ts)
  tryCallOne (address at (InternalBytecode.js:1:1180)
  anonymous (address at (InternalBytecode.js:1:1874)
  Axios$1#request (node_modules\axios\dist\esm\axios.js)
  throw (<native>)
  asyncGeneratorStep (node_modules\@babel\runtime\helpers\asyncToGenerator.js)
  _throw (node_modules\@babel\runtime\helpers\asyncToGenerator.js)
  tryCallOne (address at (InternalBytecode.js:1:1180)
  anonymous (address at (InternalBytecode.js:1:1874)
 ERROR  [Error: Uncaught (in promise, id: 308) Error: Sesión no válida o expirada.] 

Call Stack
  client.interceptors.response.use$argument_1 (services\api.ts)
  tryCallOne (address at (InternalBytecode.js:1:1180)
  anonymous (address at (InternalBytecode.js:1:1874)
  Axios$1#request (node_modules\axios\dist\esm\axios.js)
  throw (<native>)
  asyncGeneratorStep (node_modules\@babel\runtime\helpers\asyncToGenerator.js)
  _throw (node_modules\@babel\runtime\helpers\asyncToGenerator.js)
  tryCallOne (address at (InternalBytecode.js:1:1180)
  anonymous (address at (InternalBytecode.js:1:1874)
 ERROR  [Error: Uncaught (in promise, id: 309) Error: Sesión no válida o expirada.] 

Call Stack
  client.interceptors.response.use$argument_1 (services\api.ts)
  tryCallOne (address at (InternalBytecode.js:1:1180)
  anonymous (address at (InternalBytecode.js:1:1874)
  Axios$1#request (node_modules\axios\dist\esm\axios.js)
  throw (<native>)
  asyncGeneratorStep (node_modules\@babel\runtime\helpers\asyncToGenerator.js)
  _throw (node_modules\@babel\runtime\helpers\asyncToGenerator.js)
  tryCallOne (address at (InternalBytecode.js:1:1180)
  anonymous (address at (InternalBytecode.js:1:1874)
 ERROR  [Error: Uncaught (in promise, id: 310) Error: Sesión no válida o expirada.] 

Call Stack
  client.interceptors.response.use$argument_1 (services\api.ts)
  tryCallOne (address at (InternalBytecode.js:1:1180)
  anonymous (address at (InternalBytecode.js:1:1874)
  Axios$1#request (node_modules\axios\dist\esm\axios.js)
  throw (<native>)
  asyncGeneratorStep (node_modules\@babel\runtime\helpers\asyncToGenerator.js)
  _throw (node_modules\@babel\runtime\helpers\asyncToGenerator.js)
  tryCallOne (address at (InternalBytecode.js:1:1180)
  anonymous (address at (InternalBytecode.js:1:1874)
 ERROR  [Error: Uncaught (in promise, id: 311) Error: Sesión no válida o expirada.] 

Call Stack
  client.interceptors.response.use$argument_1 (services\api.ts)
  tryCallOne (address at (InternalBytecode.js:1:1180)
  anonymous (address at (InternalBytecode.js:1:1874)
  Axios$1#request (node_modules\axios\dist\esm\axios.js)
  throw (<native>)
  asyncGeneratorStep (node_modules\@babel\runtime\helpers\asyncToGenerator.js)
  _throw (node_modules\@babel\runtime\helpers\asyncToGenerator.js)
  tryCallOne (address at (InternalBytecode.js:1:1180)
  anonymous (address at (InternalBytecode.js:1:1874)
 ERROR  [Error: Uncaught (in promise, id: 312) Error: Sesión no válida o expirada.] 

Call Stack
  client.interceptors.response.use$argument_1 (services\api.ts)
  tryCallOne (address at (InternalBytecode.js:1:1180)
  anonymous (address at (InternalBytecode.js:1:1874)
  Axios$1#request (node_modules\axios\dist\esm\axios.js)
  throw (<native>)
  asyncGeneratorStep (node_modules\@babel\runtime\helpers\asyncToGenerator.js)
  _throw (node_modules\@babel\runtime\helpers\asyncToGenerator.js)
  tryCallOne (address at (InternalBytecode.js:1:1180)
  anonymous (address at (InternalBytecode.js:1:1874)
 ERROR  [Error: Uncaught (in promise, id: 313) Error: Sesión no válida o expirada.] 

Call Stack
  client.interceptors.response.use$argument_1 (services\api.ts)
  tryCallOne (address at (InternalBytecode.js:1:1180)
  anonymous (address at (InternalBytecode.js:1:1874)
  Axios$1#request (node_modules\axios\dist\esm\axios.js)
  throw (<native>)
  asyncGeneratorStep (node_modules\@babel\runtime\helpers\asyncToGenerator.js)
  _throw (node_modules\@babel\runtime\helpers\asyncToGenerator.js)
  tryCallOne (address at (InternalBytecode.js:1:1180)
  anonymous (address at (InternalBytecode.js:1:1874)
 ERROR  [Error: Uncaught (in promise, id: 314) Error: Sesión no válida o expirada.] 

Call Stack
  client.interceptors.response.use$argument_1 (services\api.ts)
  tryCallOne (address at (InternalBytecode.js:1:1180)
  anonymous (address at (InternalBytecode.js:1:1874)
  Axios$1#request (node_modules\axios\dist\esm\axios.js)
  throw (<native>)
  asyncGeneratorStep (node_modules\@babel\runtime\helpers\asyncToGenerator.js)
  _throw (node_modules\@babel\runtime\helpers\asyncToGenerator.js)
  tryCallOne (address at (InternalBytecode.js:1:1180)
  anonymous (address at (InternalBytecode.js:1:1874)
 ERROR  [Error: Uncaught (in promise, id: 315) Error: Sesión no válida o expirada.] 

Call Stack
  client.interceptors.response.use$argument_1 (services\api.ts)
  tryCallOne (address at (InternalBytecode.js:1:1180)
  anonymous (address at (InternalBytecode.js:1:1874)
  Axios$1#request (node_modules\axios\dist\esm\axios.js)
  throw (<native>)
  asyncGeneratorStep (node_modules\@babel\runtime\helpers\asyncToGenerator.js)
  _throw (node_modules\@babel\runtime\helpers\asyncToGenerator.js)
  tryCallOne (address at (InternalBytecode.js:1:1180)
  anonymous (address at (InternalBytecode.js:1:1874)
 ERROR  [Error: Uncaught (in promise, id: 316) Error: Sesión no válida o expirada.] 

Call Stack
  client.interceptors.response.use$argument_1 (services\api.ts)
  tryCallOne (address at (InternalBytecode.js:1:1180)
  anonymous (address at (InternalBytecode.js:1:1874)
  Axios$1#request (node_modules\axios\dist\esm\axios.js)
  throw (<native>)
  asyncGeneratorStep (node_modules\@babel\runtime\helpers\asyncToGenerator.js)
  _throw (node_modules\@babel\runtime\helpers\asyncToGenerator.js)
  tryCallOne (address at (InternalBytecode.js:1:1180)
  anonymous (address at (InternalBytecode.js:1:1874)
 ERROR  [Error: Uncaught (in promise, id: 317) Error: Sesión no válida o expirada.] 

Call Stack
  client.interceptors.response.use$argument_1 (services\api.ts)
  tryCallOne (address at (InternalBytecode.js:1:1180)
  anonymous (address at (InternalBytecode.js:1:1874)
  Axios$1#request (node_modules\axios\dist\esm\axios.js)
  throw (<native>)
  asyncGeneratorStep (node_modules\@babel\runtime\helpers\asyncToGenerator.js)
  _throw (node_modules\@babel\runtime\helpers\asyncToGenerator.js)
  tryCallOne (address at (InternalBytecode.js:1:1180)
  anonymous (address at (InternalBytecode.js:1:1874)
 ERROR  [Error: Uncaught (in promise, id: 318) Error: Sesión no válida o expirada.] 

Call Stack
  client.interceptors.response.use$argument_1 (services\api.ts)
  tryCallOne (address at (InternalBytecode.js:1:1180)
  anonymous (address at (InternalBytecode.js:1:1874)
  Axios$1#request (node_modules\axios\dist\esm\axios.js)
  throw (<native>)
  asyncGeneratorStep (node_modules\@babel\runtime\helpers\asyncToGenerator.js)
  _throw (node_modules\@babel\runtime\helpers\asyncToGenerator.js)
  tryCallOne (address at (InternalBytecode.js:1:1180)
  anonymous (address at (InternalBytecode.js:1:1874)
 ERROR  [Error: Uncaught (in promise, id: 319) Error: Sesión no válida o expirada.] 

Call Stack
  client.interceptors.response.use$argument_1 (services\api.ts)
  tryCallOne (address at (InternalBytecode.js:1:1180)
  anonymous (address at (InternalBytecode.js:1:1874)
  Axios$1#request (node_modules\axios\dist\esm\axios.js)
  throw (<native>)
  asyncGeneratorStep (node_modules\@babel\runtime\helpers\asyncToGenerator.js)
  _throw (node_modules\@babel\runtime\helpers\asyncToGenerator.js)
  tryCallOne (address at (InternalBytecode.js:1:1180)
  anonymous (address at (InternalBytecode.js:1:1874)
 ERROR  [Error: Uncaught (in promise, id: 320) Error: Sesión no válida o expirada.] 

Call Stack
  client.interceptors.response.use$argument_1 (services\api.ts)
  tryCallOne (address at (InternalBytecode.js:1:1180)
  anonymous (address at (InternalBytecode.js:1:1874)
  Axios$1#request (node_modules\axios\dist\esm\axios.js)
  throw (<native>)
  asyncGeneratorStep (node_modules\@babel\runtime\helpers\asyncToGenerator.js)
  _throw (node_modules\@babel\runtime\helpers\asyncToGenerator.js)
  tryCallOne (address at (InternalBytecode.js:1:1180)
  anonymous (address at (InternalBytecode.js:1:1874)
 ERROR  [Error: Uncaught (in promise, id: 321) Error: Sesión no válida o expirada.] 

Call Stack
  client.interceptors.response.use$argument_1 (services\api.ts)
  tryCallOne (address at (InternalBytecode.js:1:1180)
  anonymous (address at (InternalBytecode.js:1:1874)
  Axios$1#request (node_modules\axios\dist\esm\axios.js)
  throw (<native>)
  asyncGeneratorStep (node_modules\@babel\runtime\helpers\asyncToGenerator.js)
  _throw (node_modules\@babel\runtime\helpers\asyncToGenerator.js)
  tryCallOne (address at (InternalBytecode.js:1:1180)
  anonymous (address at (InternalBytecode.js:1:1874)
 ERROR  [Error: Uncaught (in promise, id: 322) Error: Sesión no válida o expirada.] 

Call Stack
  client.interceptors.response.use$argument_1 (services\api.ts)
  tryCallOne (address at (InternalBytecode.js:1:1180)
  anonymous (address at (InternalBytecode.js:1:1874)
  Axios$1#request (node_modules\axios\dist\esm\axios.js)
  throw (<native>)
  asyncGeneratorStep (node_modules\@babel\runtime\helpers\asyncToGenerator.js)
  _throw (node_modules\@babel\runtime\helpers\asyncToGenerator.js)
  tryCallOne (address at (InternalBytecode.js:1:1180)
  anonymous (address at (InternalBytecode.js:1:1874)
 ERROR  [Error: Uncaught (in promise, id: 323) Error: Sesión no válida o expirada.] 

Call Stack
  client.interceptors.response.use$argument_1 (services\api.ts)
  tryCallOne (address at (InternalBytecode.js:1:1180)
  anonymous (address at (InternalBytecode.js:1:1874)
  Axios$1#request (node_modules\axios\dist\esm\axios.js)
  throw (<native>)
  asyncGeneratorStep (node_modules\@babel\runtime\helpers\asyncToGenerator.js)
  _throw (node_modules\@babel\runtime\helpers\asyncToGenerator.js)
  tryCallOne (address at (InternalBytecode.js:1:1180)
  anonymous (address at (InternalBytecode.js:1:1874)
 ERROR  [Error: Uncaught (in promise, id: 324) Error: Sesión no válida o expirada.] 

Call Stack
  client.interceptors.response.use$argument_1 (services\api.ts)
  tryCallOne (address at (InternalBytecode.js:1:1180)
  anonymous (address at (InternalBytecode.js:1:1874)
  Axios$1#request (node_modules\axios\dist\esm\axios.js)
  throw (<native>)
  asyncGeneratorStep (node_modules\@babel\runtime\helpers\asyncToGenerator.js)
  _throw (node_modules\@babel\runtime\helpers\asyncToGenerator.js)
  tryCallOne (address at (InternalBytecode.js:1:1180)
  anonymous (address at (InternalBytecode.js:1:1874)
 ERROR  [Error: Uncaught (in promise, id: 325) Error: Sesión no válida o expirada.] 

Call Stack
  client.interceptors.response.use$argument_1 (services\api.ts)
  tryCallOne (address at (InternalBytecode.js:1:1180)
  anonymous (address at (InternalBytecode.js:1:1874)
  Axios$1#request (node_modules\axios\dist\esm\axios.js)
  throw (<native>)
  asyncGeneratorStep (node_modules\@babel\runtime\helpers\asyncToGenerator.js)
  _throw (node_modules\@babel\runtime\helpers\asyncToGenerator.js)
  tryCallOne (address at (InternalBytecode.js:1:1180)
  anonymous (address at (InternalBytecode.js:1:1874)
 ERROR  [Error: Uncaught (in promise, id: 326) Error: Sesión no válida o expirada.] 

Call Stack
  client.interceptors.response.use$argument_1 (services\api.ts)
  tryCallOne (address at (InternalBytecode.js:1:1180)
  anonymous (address at (InternalBytecode.js:1:1874)
  Axios$1#request (node_modules\axios\dist\esm\axios.js)
  throw (<native>)
  asyncGeneratorStep (node_modules\@babel\runtime\helpers\asyncToGenerator.js)
  _throw (node_modules\@babel\runtime\helpers\asyncToGenerator.js)
  tryCallOne (address at (InternalBytecode.js:1:1180)
  anonymous (address at (InternalBytecode.js:1:1874)
 ERROR  [Error: Uncaught (in promise, id: 327) Error: Sesión no válida o expirada.] 

Call Stack
  client.interceptors.response.use$argument_1 (services\api.ts)
  tryCallOne (address at (InternalBytecode.js:1:1180)
  anonymous (address at (InternalBytecode.js:1:1874)
  Axios$1#request (node_modules\axios\dist\esm\axios.js)
  throw (<native>)
  asyncGeneratorStep (node_modules\@babel\runtime\helpers\asyncToGenerator.js)
  _throw (node_modules\@babel\runtime\helpers\asyncToGenerator.js)
  tryCallOne (address at (InternalBytecode.js:1:1180)
  anonymous (address at (InternalBytecode.js:1:1874)
 ERROR  [Error: Uncaught (in promise, id: 328) Error: Sesión no válida o expirada.] 

Call Stack
  client.interceptors.response.use$argument_1 (services\api.ts)
  tryCallOne (address at (InternalBytecode.js:1:1180)
  anonymous (address at (InternalBytecode.js:1:1874)
  Axios$1#request (node_modules\axios\dist\esm\axios.js)
  throw (<native>)
  asyncGeneratorStep (node_modules\@babel\runtime\helpers\asyncToGenerator.js)
  _throw (node_modules\@babel\runtime\helpers\asyncToGenerator.js)
  tryCallOne (address at (InternalBytecode.js:1:1180)
  anonymous (address at (InternalBytecode.js:1:1874)
 ERROR  [Error: Uncaught (in promise, id: 329) Error: Sesión no válida o expirada.] 

Call Stack
  client.interceptors.response.use$argument_1 (services\api.ts)
  tryCallOne (address at (InternalBytecode.js:1:1180)
  anonymous (address at (InternalBytecode.js:1:1874)
  Axios$1#request (node_modules\axios\dist\esm\axios.js)
  throw (<native>)
  asyncGeneratorStep (node_modules\@babel\runtime\helpers\asyncToGenerator.js)
  _throw (node_modules\@babel\runtime\helpers\asyncToGenerator.js)
  tryCallOne (address at (InternalBytecode.js:1:1180)
  anonymous (address at (InternalBytecode.js:1:1874)
 ERROR  [Error: Uncaught (in promise, id: 330) Error: Sesión no válida o expirada.] 

Call Stack
  client.interceptors.response.use$argument_1 (services\api.ts)
  tryCallOne (address at (InternalBytecode.js:1:1180)
  anonymous (address at (InternalBytecode.js:1:1874)
  Axios$1#request (node_modules\axios\dist\esm\axios.js)
  throw (<native>)
  asyncGeneratorStep (node_modules\@babel\runtime\helpers\asyncToGenerator.js)
  _throw (node_modules\@babel\runtime\helpers\asyncToGenerator.js)
  tryCallOne (address at (InternalBytecode.js:1:1180)
  anonymous (address at (InternalBytecode.js:1:1874)
 ERROR  [Error: Uncaught (in promise, id: 331) Error: Sesión no válida o expirada.] 

Call Stack
  client.interceptors.response.use$argument_1 (services\api.ts)
  tryCallOne (address at (InternalBytecode.js:1:1180)
  anonymous (address at (InternalBytecode.js:1:1874)
  Axios$1#request (node_modules\axios\dist\esm\axios.js)
  throw (<native>)
  asyncGeneratorStep (node_modules\@babel\runtime\helpers\asyncToGenerator.js)
  _throw (node_modules\@babel\runtime\helpers\asyncToGenerator.js)
  tryCallOne (address at (InternalBytecode.js:1:1180)
  anonymous (address at (InternalBytecode.js:1:1874)
 ERROR  [Error: Uncaught (in promise, id: 332) Error: Sesión no válida o expirada.] 

Call Stack
  client.interceptors.response.use$argument_1 (services\api.ts)
  tryCallOne (address at (InternalBytecode.js:1:1180)
  anonymous (address at (InternalBytecode.js:1:1874)
  Axios$1#request (node_modules\axios\dist\esm\axios.js)
  throw (<native>)
  asyncGeneratorStep (node_modules\@babel\runtime\helpers\asyncToGenerator.js)
  _throw (node_modules\@babel\runtime\helpers\asyncToGenerator.js)
  tryCallOne (address at (InternalBytecode.js:1:1180)
  anonymous (address at (InternalBytecode.js:1:1874)
 ERROR  [Error: Uncaught (in promise, id: 333) Error: Sesión no válida o expirada.] 

Call Stack
  client.interceptors.response.use$argument_1 (services\api.ts)
  tryCallOne (address at (InternalBytecode.js:1:1180)
  anonymous (address at (InternalBytecode.js:1:1874)
  Axios$1#request (node_modules\axios\dist\esm\axios.js)
  throw (<native>)
  asyncGeneratorStep (node_modules\@babel\runtime\helpers\asyncToGenerator.js)
  _throw (node_modules\@babel\runtime\helpers\asyncToGenerator.js)
  tryCallOne (address at (InternalBytecode.js:1:1180)
  anonymous (address at (InternalBytecode.js:1:1874)
 ERROR  [Error: Uncaught (in promise, id: 334) Error: Sesión no válida o expirada.] 

Call Stack
  client.interceptors.response.use$argument_1 (services\api.ts)
  tryCallOne (address at (InternalBytecode.js:1:1180)
  anonymous (address at (InternalBytecode.js:1:1874)
  Axios$1#request (node_modules\axios\dist\esm\axios.js)
  throw (<native>)
  asyncGeneratorStep (node_modules\@babel\runtime\helpers\asyncToGenerator.js)
  _throw (node_modules\@babel\runtime\helpers\asyncToGenerator.js)
  tryCallOne (address at (InternalBytecode.js:1:1180)
  anonymous (address at (InternalBytecode.js:1:1874)
 ERROR  [Error: Uncaught (in promise, id: 335) Error: Sesión no válida o expirada.] 

Call Stack
  client.interceptors.response.use$argument_1 (services\api.ts)
  tryCallOne (address at (InternalBytecode.js:1:1180)
  anonymous (address at (InternalBytecode.js:1:1874)
  Axios$1#request (node_modules\axios\dist\esm\axios.js)
  throw (<native>)
  asyncGeneratorStep (node_modules\@babel\runtime\helpers\asyncToGenerator.js)
  _throw (node_modules\@babel\runtime\helpers\asyncToGenerator.js)
  tryCallOne (address at (InternalBytecode.js:1:1180)
  anonymous (address at (InternalBytecode.js:1:1874)
 ERROR  [Error: Uncaught (in promise, id: 336) Error: Sesión no válida o expirada.] 

Call Stack
  client.interceptors.response.use$argument_1 (services\api.ts)
  tryCallOne (address at (InternalBytecode.js:1:1180)
  anonymous (address at (InternalBytecode.js:1:1874)
  Axios$1#request (node_modules\axios\dist\esm\axios.js)
  throw (<native>)
  asyncGeneratorStep (node_modules\@babel\runtime\helpers\asyncToGenerator.js)
  _throw (node_modules\@babel\runtime\helpers\asyncToGenerator.js)
  tryCallOne (address at (InternalBytecode.js:1:1180)
  anonymous (address at (InternalBytecode.js:1:1874)
 ERROR  [Error: Uncaught (in promise, id: 337) Error: Sesión no válida o expirada.] 

Call Stack
  client.interceptors.response.use$argument_1 (services\api.ts)
  tryCallOne (address at (InternalBytecode.js:1:1180)
  anonymous (address at (InternalBytecode.js:1:1874)
  Axios$1#request (node_modules\axios\dist\esm\axios.js)
  throw (<native>)
  asyncGeneratorStep (node_modules\@babel\runtime\helpers\asyncToGenerator.js)
  _throw (node_modules\@babel\runtime\helpers\asyncToGenerator.js)
  tryCallOne (address at (InternalBytecode.js:1:1180)
  anonymous (address at (InternalBytecode.js:1:1874)
 ERROR  [Error: Uncaught (in promise, id: 338) Error: Sesión no válida o expirada.] 

Call Stack
  client.interceptors.response.use$argument_1 (services\api.ts)
  tryCallOne (address at (InternalBytecode.js:1:1180)
  anonymous (address at (InternalBytecode.js:1:1874)
  Axios$1#request (node_modules\axios\dist\esm\axios.js)
  throw (<native>)
  asyncGeneratorStep (node_modules\@babel\runtime\helpers\asyncToGenerator.js)
  _throw (node_modules\@babel\runtime\helpers\asyncToGenerator.js)
  tryCallOne (address at (InternalBytecode.js:1:1180)
  anonymous (address at (InternalBytecode.js:1:1874)
 ERROR  [Error: Uncaught (in promise, id: 339) Error: Sesión no válida o expirada.] 

Call Stack
  client.interceptors.response.use$argument_1 (services\api.ts)
  tryCallOne (address at (InternalBytecode.js:1:1180)
  anonymous (address at (InternalBytecode.js:1:1874)
  Axios$1#request (node_modules\axios\dist\esm\axios.js)
  throw (<native>)
  asyncGeneratorStep (node_modules\@babel\runtime\helpers\asyncToGenerator.js)
  _throw (node_modules\@babel\runtime\helpers\asyncToGenerator.js)
  tryCallOne (address at (InternalBytecode.js:1:1180)
  anonymous (address at (InternalBytecode.js:1:1874)
 ERROR  [Error: Uncaught (in promise, id: 340) Error: Sesión no válida o expirada.] 

Call Stack
  client.interceptors.response.use$argument_1 (services\api.ts)
  tryCallOne (address at (InternalBytecode.js:1:1180)
  anonymous (address at (InternalBytecode.js:1:1874)
  Axios$1#request (node_modules\axios\dist\esm\axios.js)
  throw (<native>)
  asyncGeneratorStep (node_modules\@babel\runtime\helpers\asyncToGenerator.js)
  _throw (node_modules\@babel\runtime\helpers\asyncToGenerator.js)
  tryCallOne (address at (InternalBytecode.js:1:1180)
  anonymous (address at (InternalBytecode.js:1:1874)
 ERROR  [Error: Uncaught (in promise, id: 341) Error: Sesión no válida o expirada.] 

Call Stack
  client.interceptors.response.use$argument_1 (services\api.ts)
  tryCallOne (address at (InternalBytecode.js:1:1180)
  anonymous (address at (InternalBytecode.js:1:1874)
  Axios$1#request (node_modules\axios\dist\esm\axios.js)
  throw (<native>)
  asyncGeneratorStep (node_modules\@babel\runtime\helpers\asyncToGenerator.js)
  _throw (node_modules\@babel\runtime\helpers\asyncToGenerator.js)
  tryCallOne (address at (InternalBytecode.js:1:1180)
  anonymous (address at (InternalBytecode.js:1:1874)
 ERROR  [Error: Uncaught (in promise, id: 342) Error: Sesión no válida o expirada.] 

Call Stack
  client.interceptors.response.use$argument_1 (services\api.ts)
  tryCallOne (address at (InternalBytecode.js:1:1180)
  anonymous (address at (InternalBytecode.js:1:1874)
  Axios$1#request (node_modules\axios\dist\esm\axios.js)
  throw (<native>)
  asyncGeneratorStep (node_modules\@babel\runtime\helpers\asyncToGenerator.js)
  _throw (node_modules\@babel\runtime\helpers\asyncToGenerator.js)
  tryCallOne (address at (InternalBytecode.js:1:1180)
  anonymous (address at (InternalBytecode.js:1:1874)
 ERROR  [Error: Uncaught (in promise, id: 343) Error: Sesión no válida o expirada.] 

Call Stack
  client.interceptors.response.use$argument_1 (services\api.ts)
  tryCallOne (address at (InternalBytecode.js:1:1180)
  anonymous (address at (InternalBytecode.js:1:1874)
  Axios$1#request (node_modules\axios\dist\esm\axios.js)
  throw (<native>)
  asyncGeneratorStep (node_modules\@babel\runtime\helpers\asyncToGenerator.js)
  _throw (node_modules\@babel\runtime\helpers\asyncToGenerator.js)
  tryCallOne (address at (InternalBytecode.js:1:1180)
  anonymous (address at (InternalBytecode.js:1:1874)
 ERROR  [Error: Uncaught (in promise, id: 344) Error: Sesión no válida o expirada.] 

Call Stack
  client.interceptors.response.use$argument_1 (services\api.ts)
  tryCallOne (address at (InternalBytecode.js:1:1180)
  anonymous (address at (InternalBytecode.js:1:1874)
  Axios$1#request (node_modules\axios\dist\esm\axios.js)
  throw (<native>)
  asyncGeneratorStep (node_modules\@babel\runtime\helpers\asyncToGenerator.js)
  _throw (node_modules\@babel\runtime\helpers\asyncToGenerator.js)
  tryCallOne (address at (InternalBytecode.js:1:1180)
  anonymous (address at (InternalBytecode.js:1:1874)
 ERROR  [Error: Uncaught (in promise, id: 345) Error: Sesión no válida o expirada.] 

Call Stack
  client.interceptors.response.use$argument_1 (services\api.ts)
  tryCallOne (address at (InternalBytecode.js:1:1180)
  anonymous (address at (InternalBytecode.js:1:1874)
  Axios$1#request (node_modules\axios\dist\esm\axios.js)
  throw (<native>)
  asyncGeneratorStep (node_modules\@babel\runtime\helpers\asyncToGenerator.js)
  _throw (node_modules\@babel\runtime\helpers\asyncToGenerator.js)
  tryCallOne (address at (InternalBytecode.js:1:1180)
  anonymous (address at (InternalBytecode.js:1:1874)
 ERROR  [Error: Uncaught (in promise, id: 346) Error: Sesión no válida o expirada.] 

Call Stack
  client.interceptors.response.use$argument_1 (services\api.ts)
  tryCallOne (address at (InternalBytecode.js:1:1180)
  anonymous (address at (InternalBytecode.js:1:1874)
  Axios$1#request (node_modules\axios\dist\esm\axios.js)
  throw (<native>)
  asyncGeneratorStep (node_modules\@babel\runtime\helpers\asyncToGenerator.js)
  _throw (node_modules\@babel\runtime\helpers\asyncToGenerator.js)
  tryCallOne (address at (InternalBytecode.js:1:1180)
  anonymous (address at (InternalBytecode.js:1:1874)
